url,verdict,coverageState,lastCrawlTime
https://thanhthaimotor.com/en/couplings,NEUTRAL,Đã thu thập dữ liệu – hiện chưa được lập chỉ mục,2026-06-09T07:19:17Z
https://thanhthaimotor.com/en/vibratory-equipment,NEUTRAL,Đã thu thập dữ liệu – hiện chưa được lập chỉ mục,2026-05-31T03:20:41Z
https://thanhthaimotor.com/en/electromagnetic-brakes,NEUTRAL,Đã thu thập dữ liệu – hiện chưa được lập chỉ mục,2026-06-08T09:53:06Z
https://thanhthaimotor.com/en/air-blowers,PASS,Đã được gửi và lập chỉ mục,2026-06-07T16:38:41Z
https://thanhthaimotor.com/en/gearboxes,NEUTRAL,Đã thu thập dữ liệu – hiện chưa được lập chỉ mục,2026-03-25T08:59:28Z
https://thanhthaimotor.com/en/electric-motors,NEUTRAL,Đã thu thập dữ liệu – hiện chưa được lập chỉ mục,2026-02-13T05:52:24Z
https://thanhthaimotor.com/en/centrifugal-fan-bearings,NEUTRAL,Đã thu thập dữ liệu – hiện chưa được lập chỉ mục,2026-04-29T16:34:52Z
https://thanhthaimotor.com/en/pulleys,NEUTRAL,Đã thu thập dữ liệu – hiện chưa được lập chỉ mục,2026-02-21T15:06:40Z
https://thanhthaimotor.com/en/gear-motors,PASS,Đã được gửi và lập chỉ mục,2026-05-22T16:52:53Z
https://thanhthaimotor.com/en/variable-frequency-drives,NEUTRAL,Đã thu thập dữ liệu – hiện chưa được lập chỉ mục,2026-05-07T11:52:09Z
"
                    https://thanhthaimotor.com/video/hop-giam-toc/video-huong-dan-cach-lap-bo-dieu-chinh-toc-do-vao-motor-dien-1-pha                ",PASS,Đã được gửi và lập chỉ mục,2026-06-08T08:29:09Z
https://thanhthaimotor.com/en/gear-motors/2-stage-udl-1-5kw-cycloid-x3-gear-motor,PASS,Đã được gửi và lập chỉ mục,2026-06-03T09:55:14Z
https://thanhthaimotor.com/en/3-phase-gear-motors-from-1-1kw-to-3-7kw,PASS,Đã được gửi và lập chỉ mục,2026-06-01T02:51:42Z
https://thanhthaimotor.com/en/electric-motors/explosion-proof-motor-22kw-30hp,PASS,Đã được gửi và lập chỉ mục,2026-06-07T10:07:40Z
https://thanhthaimotor.com/motor-rung/dong-co-rung-dam-rung-2-2kw-3hp,PASS,Đã được gửi và lập chỉ mục,2026-06-11T02:15:12Z
https://thanhthaimotor.com/en/pulleys/42mm-shaft-pulley,NEUTRAL,Đã thu thập dữ liệu – hiện chưa được lập chỉ mục,2026-05-08T00:53:08Z
"
                    https://thanhthaimotor.com/video/hop-giam-toc/video-review-hop-giam-toc-nmrv-63                ",PASS,Đã được gửi và lập chỉ mục,2026-06-01T16:15:12Z
https://thanhthaimotor.com/en/gearboxes/cycloidal-gearbox-0-75kw-1hp,PASS,Đã được gửi và lập chỉ mục,2026-06-08T05:55:21Z
"
                    https://thanhthaimotor.com/video/may-bom-nuoc/video-review-may-bom-chim-5-5kw-7-5hp                ",PASS,Đã được gửi và lập chỉ mục,2026-06-08T08:32:03Z
https://thanhthaimotor.com/may-bom-nuoc/may-bom-nuoc-3-pha-18-5kw-25hp,PASS,Đã được gửi và lập chỉ mục,2026-06-05T15:40:12Z
"
                    https://thanhthaimotor.com/video/dong-co-giam-toc/video-review-motor-giam-toc-nmrv-50-0-37kw-0-5hp                ",PASS,Đã được gửi và lập chỉ mục,2026-06-07T14:40:12Z
https://thanhthaimotor.com/en/stepper-motors/12nm-stepper-motor,PASS,Đã được gửi và lập chỉ mục,2026-05-31T19:15:58Z
https://thanhthaimotor.com/kien-thuc-dien-co/tu-van-dong-co-dien/hieu-suat-dong-co,PASS,Đã được gửi và lập chỉ mục,2026-06-07T15:46:51Z
"
                    https://thanhthaimotor.com/video/dong-co-dien/video-review-dong-co-dien-3-pha-1-1kw-1-5hp                ",PASS,Đã được gửi và lập chỉ mục,2026-06-08T15:51:59Z
https://thanhthaimotor.com/kien-thuc-dien-co/tu-van-dong-co-dien/cac-thuong-hieu-motor-phong-chong-chay-no,PASS,Đã được gửi và lập chỉ mục,2026-05-19T00:07:31Z
https://thanhthaimotor.com/kien-thuc-dien-co/tu-van-dong-co-dien/bi-quyet-cach-dieu-khien-dong-co-dien-1-chieu-muot-ma-ben-bi,PASS,Đã được gửi và lập chỉ mục,2026-06-09T16:56:46Z
"
                    https://thanhthaimotor.com/video/dong-co-giam-toc/video-review-motor-giam-toc-wpo-70-0-55kw-0-75hp                ",PASS,Đã được gửi và lập chỉ mục,2026-05-31T22:02:29Z
https://thanhthaimotor.com/en/electromagnetic-brakes/electromagnetic-brake-0-75kw-1hp,NEUTRAL,Đã thu thập dữ liệu – hiện chưa được lập chỉ mục,2026-06-09T17:24:01Z
"
                    https://thanhthaimotor.com/video/hop-giam-toc/video-huong-dan-cach-lap-bo-dieu-chinh-toc-do-vao-motor-dien-3-pha                ",PASS,Đã được gửi và lập chỉ mục,2026-06-09T10:06:15Z
https://thanhthaimotor.com/en/gearboxes/k-series-helical-bevel-gearbox-45kw-60hp,PASS,Đã được gửi và lập chỉ mục,2026-06-09T17:14:47Z
https://thanhthaimotor.com/kien-thuc-dien-co/tu-van-dong-co-giam-toc,PASS,Đã được gửi và lập chỉ mục,2026-06-08T00:54:14Z
https://thanhthaimotor.com/en/heavy-duty-r-series-3-stage-inline-helical-gearboxes,NEUTRAL,Đã thu thập dữ liệu – hiện chưa được lập chỉ mục,2026-06-01T09:32:00Z
https://thanhthaimotor.com/en/electric-motors/3-phase-electric-motor-0-8kw-1hp,PASS,Đã được gửi và lập chỉ mục,2026-06-05T05:29:14Z
https://thanhthaimotor.com/en/vibratory-equipment/vibratory-equipment-1-5kw-2hp,NEUTRAL,Đã thu thập dữ liệu – hiện chưa được lập chỉ mục,2026-06-08T23:14:09Z
"
                    https://thanhthaimotor.com/video/dong-co-buoc/video-review-dong-co-buoc-co-phanh-size-86                ",PASS,Đã được gửi và lập chỉ mục,2026-06-08T06:37:54Z
https://thanhthaimotor.com/dong-co-giam-toc/motor-giam-toc-2-cap-udl-0-37kw-wpda-60,PASS,Đã được gửi và lập chỉ mục,2026-06-10T20:22:56Z
https://thanhthaimotor.com/kien-thuc-dien-co/tu-van-may-bom-nuoc/bang-gia-may-bom-nuoc-3-pha-duoi-3-7kw-moi-nhat,PASS,Đã được gửi và lập chỉ mục,2026-06-08T15:39:07Z
https://thanhthaimotor.com/video/dong-co-giam-toc-1-pha,PASS,Đã được gửi và lập chỉ mục,2026-06-08T03:10:31Z
https://thanhthaimotor.com/en/variable-speed-worm-gearboxes,NEUTRAL,Đã thu thập dữ liệu – hiện chưa được lập chỉ mục,2026-06-07T00:47:57Z
https://thanhthaimotor.com/dong-co-dien/dong-co-dien-3-pha-0-25kw-0-34hp,PASS,Đã được gửi và lập chỉ mục,2026-05-29T06:07:22Z
https://thanhthaimotor.com/hop-giam-toc/hop-giam-toc-truc-vit-wpwka-120,PASS,Đã được gửi và lập chỉ mục,2026-06-11T03:14:21Z
https://thanhthaimotor.com/en/water-pumps/teco-water-pump-4kw-5-5hp,PASS,Đã được gửi và lập chỉ mục,2026-06-05T02:22:04Z
https://thanhthaimotor.com/en/water-pumps/1-phase-water-pump-3kw-4hp,PASS,Đã được gửi và lập chỉ mục,2026-06-06T05:23:13Z
https://thanhthaimotor.com/kien-thuc-dien-co/tu-van-may-bom-nuoc/bang-gia-may-bom-nuoc-ca-sau-duoi-3-7kw-moi-nhat,PASS,Đã được gửi và lập chỉ mục,2026-04-06T07:20:54Z
https://thanhthaimotor.com/kien-thuc-dien-co/hoat-dong-noi-bat,PASS,Đã được gửi và lập chỉ mục,2026-06-01T01:54:38Z
https://thanhthaimotor.com/kien-thuc-dien-co/tu-van-may-bom-nuoc/quy-trinh-bao-duong-may-bom-nuoc-dung-cach-keo-dai-tuoi-tho,NEUTRAL,Đã thu thập dữ liệu – hiện chưa được lập chỉ mục,2026-05-16T12:37:36Z
https://thanhthaimotor.com/en/mitsubishi-variable-frequency-drives,NEUTRAL,Đã thu thập dữ liệu – hiện chưa được lập chỉ mục,2026-04-12T10:43:10Z
https://thanhthaimotor.com/kien-thuc-dien-co/tu-van-bien-tan/huong-dan-chon-va-cach-dau-dien-tro-xa-bien-tan-chi-tiet,PASS,Đã được gửi và lập chỉ mục,2026-06-01T12:05:40Z
https://thanhthaimotor.com/en/gear-motors/heavy-duty-brake-gear-motor-18-5kw-25hp,NEUTRAL,Đã thu thập dữ liệu – hiện chưa được lập chỉ mục,2026-04-12T20:06:47Z
https://thanhthaimotor.com/bien-tan/bien-tan-delta-0-75kw,PASS,Đã được gửi và lập chỉ mục,2026-06-06T14:43:49Z
https://thanhthaimotor.com/kien-thuc-dien-co/tu-van-dong-co-dien/bang-tra-tiet-dien-day-dan,PASS,Đã được gửi và lập chỉ mục,2026-06-01T10:27:53Z
https://thanhthaimotor.com/dong-co-dien/dong-co-phong-no-11kw-15hp,PASS,Đã được gửi và lập chỉ mục,2026-06-06T16:02:58Z
"
                    https://thanhthaimotor.com/video/hop-giam-toc/video-review-hop-giam-toc-truc-vit-wps-120                ",PASS,Đã được gửi và lập chỉ mục,2026-06-08T04:00:45Z
https://thanhthaimotor.com/dong-co-dien/dong-co-dien-co-phanh-4kw-5-5hp,PASS,Đã được gửi và lập chỉ mục,2026-05-29T07:25:13Z
"
                    https://thanhthaimotor.com/video/dong-co-dien/video-review-dong-co-phong-no-4kw-5-5hp                ",PASS,Đã được gửi và lập chỉ mục,2026-06-01T15:57:07Z
https://thanhthaimotor.com/kien-thuc-dien-co/tu-van-dong-co-dien/huong-dan-che-motor-khong-choi-than-chuan-ky-thuat-hieu-suat-cao,PASS,Đã được gửi và lập chỉ mục,2026-05-29T02:10:41Z
https://thanhthaimotor.com/hop-giam-toc-dieu-toc-co,PASS,Đã được gửi và lập chỉ mục,2026-05-31T03:57:29Z
https://thanhthaimotor.com/en/invt-variable-frequency-drives-over-10kw,NEUTRAL,Đã thu thập dữ liệu – hiện chưa được lập chỉ mục,2026-06-04T09:28:03Z
https://thanhthaimotor.com/may-bom-nuoc/may-bom-nuoc-3-pha-37kw-50hp,PASS,Đã được gửi và lập chỉ mục,2026-06-06T10:19:29Z
"
                    https://thanhthaimotor.com/video/dong-co-giam-toc/video-review-motor-giam-toc-1-pha-0-4kw-0-5hp                ",PASS,Đã được gửi và lập chỉ mục,2026-05-23T00:41:45Z
"
                    https://thanhthaimotor.com/video/dong-co-giam-toc/video-huong-dan-quy-trinh-kiem-tra-ti-so-truyen-1-5-thuc-te-cua-motor-giam-toc                ",PASS,Đã được gửi và lập chỉ mục,2026-06-08T06:11:10Z
"
                    https://thanhthaimotor.com/video/dong-co-dien/video-bao-gia-dong-co-dien-04-2026                ",PASS,Đã được gửi và lập chỉ mục,2026-06-08T04:18:22Z
https://thanhthaimotor.com/dong-co-giam-toc/motor-giam-toc-tai-nang-truc-vuong-goc-k-30kw-40hp,NEUTRAL,Đã thu thập dữ liệu – hiện chưa được lập chỉ mục,2026-05-08T21:15:24Z
https://thanhthaimotor.com/kien-thuc-dien-co/tu-van-hop-giam-toc/trinh-tu-thao-lap-hop-giam-toc-nmrv,PASS,Đã được gửi và lập chỉ mục,2026-05-11T08:03:47Z
https://thanhthaimotor.com/kien-thuc-dien-co/tu-van-khop-noi/cac-loi-chon-sai-khop-noi-xich,PASS,Đã được gửi và lập chỉ mục,2026-06-08T00:14:49Z
https://thanhthaimotor.com/en/variable-frequency-drives/siemens-variable-frequency-drive-1-5kw,PASS,Đã được gửi và lập chỉ mục,2026-06-06T05:52:34Z
https://thanhthaimotor.com/en/variable-frequency-drives/mitsubishi-variable-frequency-drive-37kw,PASS,Đã được gửi và lập chỉ mục,2026-06-09T09:48:09Z
https://thanhthaimotor.com/dong-co-giam-toc/motor-giam-toc-3-cap-2-udl-0-37kw-va-1-wpds-60,PASS,Đã được gửi và lập chỉ mục,2026-05-28T12:24:28Z
"
                    https://thanhthaimotor.com/video/hop-giam-toc/video-review-hop-giam-toc-truc-vit-wpda-70                ",ERROR,The read operation timed out,N/A
https://thanhthaimotor.com/may-bom-nuoc/bom-hut-chan-khong-dau-lien-4-0kw-5-5hp,PASS,Đã được gửi và lập chỉ mục,2026-06-08T02:05:30Z
https://thanhthaimotor.com/kien-thuc-dien-co/tu-van-dong-co-dien/cach-do-ampe-khong-tai-motor-1-pha,PASS,Đã được gửi và lập chỉ mục,2026-05-31T06:12:08Z
https://thanhthaimotor.com/en/gearboxes/mechanical-speed-variator-5-5kw-7-5hp,PASS,Đã được gửi và lập chỉ mục,2026-06-06T03:54:27Z
https://thanhthaimotor.com/kien-thuc-dien-co/tu-van-may-bom-nuoc/may-bom-nuoc-thuy-loi-la-gi,NEUTRAL,Đã phát hiện thấy – hiện chưa được lập chỉ mục,N/A
https://thanhthaimotor.com/dong-co-dien-bom-dau-thuy-luc-duoi-3-7kw,PASS,Đã được gửi và lập chỉ mục,2026-06-06T03:48:47Z
https://thanhthaimotor.com/dong-co-giam-toc/motor-giam-toc-wpo-120-4kw-5-5hp,PASS,Đã được gửi và lập chỉ mục,2026-06-08T08:20:40Z
https://thanhthaimotor.com/kien-thuc-dien-co/tu-van-dong-co-dien/giai-phap-dong-co-kich-tu-khong-choi-than-cho-cong-nghiep-nang,NEUTRAL,Đã phát hiện thấy – hiện chưa được lập chỉ mục,N/A
https://thanhthaimotor.com/kien-thuc-dien-co/tu-van-may-bom-nuoc/tim-hieu-may-bom-nuoc-cong-suat-100m3-h-hieu-suat-ung-dung,PASS,Đã được gửi và lập chỉ mục,2026-05-28T16:12:13Z
"
                    https://thanhthaimotor.com/video/may-bom-nuoc/video-review-may-bom-hoa-tien-3kw-4hp                ",PASS,Đã được gửi và lập chỉ mục,2026-06-08T23:25:13Z
https://thanhthaimotor.com/motor-rung/dong-co-rung-dam-rung-0-08kw,PASS,Đã được gửi và lập chỉ mục,2026-06-07T18:19:59Z
https://thanhthaimotor.com/puly/puly-truc-42mm,PASS,Đã được gửi và lập chỉ mục,2026-06-06T15:34:17Z
https://thanhthaimotor.com/en/gear-motors/wpds-70-gear-motor-0-55kw-0-75hp,PASS,Đã được gửi và lập chỉ mục,2026-05-30T01:53:13Z
https://thanhthaimotor.com/dong-co-giam-toc/motor-giam-toc-nmrv-75-1-1kw-1-5hp,PASS,Đã được gửi và lập chỉ mục,2026-05-28T12:24:01Z
https://thanhthaimotor.com/en/gearboxes/wpdo-100-worm-gearbox,PASS,Đã được gửi và lập chỉ mục,2026-05-30T02:51:51Z
https://thanhthaimotor.com/dong-co-dien/dong-co-phong-no-55kw-75hp,PASS,Đã được gửi và lập chỉ mục,2026-06-09T10:04:28Z
"
                    https://thanhthaimotor.com/video/hop-giam-toc/video-review-hop-giam-toc-tai-nang-truc-thang-r-2-2kw-3hp                ",PASS,Đã được gửi và lập chỉ mục,2026-06-06T04:40:36Z
https://thanhthaimotor.com/kien-thuc-dien-co/tu-van-may-bom-nuoc/may-bom-quat-hoi-nuoc-bi-hu,PASS,Đã được gửi và lập chỉ mục,2026-06-09T04:56:27Z
https://thanhthaimotor.com/kien-thuc-dien-co/tu-van-dong-co-dien/cach-giam-toc-do-dong-co-1-pha-hieu-qua-nhat,PASS,Đã được gửi và lập chỉ mục,2026-06-08T09:54:26Z
https://thanhthaimotor.com/hop-giam-toc/hop-giam-toc-tai-nang-truc-song-song-f-30kw,PASS,Đã được gửi và lập chỉ mục,2026-06-08T06:08:20Z
https://thanhthaimotor.com/en/air-blowers/air-blower-18-5kw-25hp,PASS,Đã được gửi và lập chỉ mục,2026-06-06T15:24:22Z
https://thanhthaimotor.com/en/couplings/chain-coupling-kc5020,PASS,Đã được gửi và lập chỉ mục,2026-06-08T07:41:27Z
https://thanhthaimotor.com/kien-thuc-dien-co/tu-van-dong-co-dien/cach-co-dinh-day-trong-hop-cuc-motor-dung-ky-thuat-va-an-toan,NEUTRAL,Đã thu thập dữ liệu – hiện chưa được lập chỉ mục,2026-06-08T00:09:06Z
"
                    https://thanhthaimotor.com/video/hop-giam-toc/video-review-hop-giam-toc-truc-vit-wpa-100                ",PASS,Đã được gửi và lập chỉ mục,2026-06-08T03:55:52Z
https://thanhthaimotor.com/dong-co-giam-toc/motor-giam-toc-2-cap-nmrv-40-50,PASS,Đã được gửi và lập chỉ mục,2026-06-07T12:01:15Z
https://thanhthaimotor.com/hop-giam-toc/hop-giam-toc-2-cap-udl-1-5kw-wpda-80,PASS,Đã được gửi và lập chỉ mục,2026-05-31T15:48:02Z
https://thanhthaimotor.com/en/variable-frequency-drives/fuji-variable-frequency-drive-7-5kw,NEUTRAL,Đã thu thập dữ liệu – hiện chưa được lập chỉ mục,2026-05-08T07:13:46Z
https://thanhthaimotor.com/kien-thuc-dien-co/tu-van-dong-co-dien/cong-suat-la-gi-cong-thuc-tinh-cong-suat,PASS,Đã được gửi và lập chỉ mục,2026-06-07T12:03:23Z
https://thanhthaimotor.com/en/electromagnetic-brakes/electromagnetic-brake-0-55kw-0-75hp,NEUTRAL,Đã thu thập dữ liệu – hiện chưa được lập chỉ mục,2026-03-22T02:17:44Z
https://thanhthaimotor.com/en/gear-motors/mini-gear-motor-120w,PASS,Đã được gửi và lập chỉ mục,2026-06-05T18:40:38Z
https://thanhthaimotor.com/kien-thuc-dien-co/tu-van-may-bom-nuoc/may-bom-nuoc-day-cao-tu-ngat,PASS,Đã được gửi và lập chỉ mục,2026-06-08T09:53:47Z
https://thanhthaimotor.com/kien-thuc-dien-co/tu-van-dong-co-buoc/tim-hieu-bang-thong-so-dong-co-buoc-va-phan-tich-chi-tiet,PASS,Đã được gửi và lập chỉ mục,2026-06-08T00:41:56Z
https://thanhthaimotor.com/kien-thuc-dien-co/tu-van-dong-co-dien/huong-dan-cach-do-kich-thuoc-truc-motor-don-gian,PASS,Đã được gửi và lập chỉ mục,2026-05-21T08:18:57Z
https://thanhthaimotor.com/en/gear-motors/nmrv-gear-motor-50-0-25kw-0-34hp,PASS,Đã được gửi và lập chỉ mục,2026-06-08T07:44:04Z
https://thanhthaimotor.com/en/crocodile-water-pumps-under-3-7kw,PASS,Đã được gửi và lập chỉ mục,2026-06-06T21:45:51Z
https://thanhthaimotor.com/en/couplings/14mm-shaft-coupling,PASS,Đã được gửi và lập chỉ mục,2026-05-30T21:53:41Z
https://thanhthaimotor.com/kien-thuc-dien-co/tu-van-may-bom-nuoc/tu-van-may-bom-tang-ap,PASS,Đã được gửi và lập chỉ mục,2026-06-07T15:45:26Z
https://thanhthaimotor.com/kien-thuc-dien-co/tu-van-may-bom-nuoc/danh-gia-top-5-cac-hang-may-bom-nuoc-sieu-ben-bi,PASS,Đã được gửi và lập chỉ mục,2026-05-29T03:11:57Z
https://thanhthaimotor.com/kien-thuc-dien-co/tu-van-dong-co-dien/may-rua-xe-dong-co-khong-choi-than-hieu-suat-toi-uu-va-cau-tao,PASS,Đã được gửi và lập chỉ mục,2026-05-29T04:46:21Z
https://thanhthaimotor.com/kien-thuc-dien-co/tu-van-may-bom-nuoc/bang-gia-may-bom-nuoc-ly-tam-tren-50m3-h-moi-nhat,PASS,Đã được gửi và lập chỉ mục,2026-05-21T23:34:32Z
"
                    https://thanhthaimotor.com/video/motor-rung-dam-rung/video-review-dong-co-rung-dam-rung-0-27kw                ",PASS,Đã được gửi và lập chỉ mục,2026-06-08T07:41:55Z
https://thanhthaimotor.com/en/gear-motors/nmrv-75-gear-motor-0-75kw-1hp,PASS,Đã được gửi và lập chỉ mục,2026-06-08T01:52:27Z
"
                    https://thanhthaimotor.com/video/hop-giam-toc/video-review-hop-giam-toc-tai-nang-truc-thang-r-90kw-125hp                ",NEUTRAL,Đã phát hiện thấy – hiện chưa được lập chỉ mục,N/A
https://thanhthaimotor.com/en/1-stage-hb-series-right-angle-bevel-helical-gearboxes,PASS,Đã được gửi và lập chỉ mục,2026-05-08T09:54:12Z
https://thanhthaimotor.com/en/gear-motors/heavy-duty-r-series-inline-helical-gear-motor-75kw-100hp,PASS,Đã được gửi và lập chỉ mục,2026-05-29T22:31:51Z
"
                    https://thanhthaimotor.com/video/motor-rung-dam-rung/video-review-dong-co-rung-dam-rung-1-8kw                ",PASS,Đã được gửi và lập chỉ mục,2026-04-29T11:16:23Z
https://thanhthaimotor.com/en/variable-frequency-drives/mitsubishi-variable-frequency-drive-5-5kw,PASS,Đã được gửi và lập chỉ mục,2026-06-06T10:00:00Z
https://thanhthaimotor.com/en/vibratory-equipment/vibratory-equipment-0-95kw,PASS,Đã được gửi và lập chỉ mục,2026-05-31T05:39:21Z
https://thanhthaimotor.com/kien-thuc-dien-co/tu-van-bien-tan/bien-tan-cho-bang-tai-chon-mua-dau-noi-va-cai-dat,PASS,Đã được gửi và lập chỉ mục,2026-05-29T03:33:28Z
https://thanhthaimotor.com/kien-thuc-dien-co/tu-van-may-bom-nuoc/ro-le,PASS,Đã được gửi và lập chỉ mục,2026-06-09T05:22:33Z
https://thanhthaimotor.com/kien-thuc-dien-co/tu-van-dong-co-dien/motor-toi-dien,PASS,Đã được gửi và lập chỉ mục,2026-05-30T19:03:30Z
https://thanhthaimotor.com/en/1-phase-booster-pumps,PASS,Đã được gửi và lập chỉ mục,2026-06-07T13:21:05Z
https://thanhthaimotor.com/en/gearboxes/r-series-inline-helical-gearbox-22kw-30hp,PASS,Đã được gửi và lập chỉ mục,2026-05-30T08:13:46Z
https://thanhthaimotor.com/en/pulleys/65mm-shaft-pulley,PASS,Đã được gửi và lập chỉ mục,2026-06-06T06:17:01Z
https://thanhthaimotor.com/dong-co-giam-toc/motor-giam-toc-tai-nang-truc-song-song-f-4kw-5-5hp,PASS,Đã được gửi và lập chỉ mục,2026-06-08T15:51:17Z
https://thanhthaimotor.com/hop-giam-toc/hop-giam-toc-truc-vit-wpds-80,PASS,Đã được gửi và lập chỉ mục,2026-05-30T00:18:56Z
https://thanhthaimotor.com/bien-tan/bien-tan-fuji-37kw,PASS,Đã được gửi và lập chỉ mục,2026-05-01T12:01:23Z
https://thanhthaimotor.com/kien-thuc-dien-co/tu-van-dong-co-dien/khoi-dong-tu,PASS,Đã được gửi và lập chỉ mục,2026-06-07T18:45:37Z
https://thanhthaimotor.com/kien-thuc-dien-co/tu-van-dong-co-dien/ky-hieu-cac-loai-bac-dan,PASS,Đã được gửi và lập chỉ mục,2026-06-08T00:19:48Z
https://thanhthaimotor.com/kien-thuc-dien-co/tu-van-hop-giam-toc/cach-lap-nmrv-voi-motor-giam-toc-mini-chuan,NEUTRAL,Đã phát hiện thấy – hiện chưa được lập chỉ mục,N/A
https://thanhthaimotor.com/kien-thuc-dien-co/tu-van-may-bom-nuoc/may-bom-hut-nuoc-chuyen-sau-phan-tich-ky-thuat-va-ung-dung,PASS,Đã được gửi và lập chỉ mục,2026-05-31T10:17:55Z
https://thanhthaimotor.com/en/gearboxes/udl-variator-2-stage-gearbox-1-5kw-r57,PASS,Đã được gửi và lập chỉ mục,2026-06-05T17:05:25Z
"
                    https://thanhthaimotor.com/video/dong-co-giam-toc/video-review-motor-giam-toc-wpx-135-3kw-4hp                ",NEUTRAL,Đã phát hiện thấy – hiện chưa được lập chỉ mục,N/A
https://thanhthaimotor.com/en/gear-motors/wpda-100-gear-motor-1-5kw-2hp,PASS,Đã được gửi và lập chỉ mục,2026-06-05T02:38:46Z
https://thanhthaimotor.com/kien-thuc-dien-co/tu-van-dong-co-dien/cac-cach-lam-mat-dong-co-dien,PASS,Đã được gửi và lập chỉ mục,2026-06-07T18:10:19Z
https://thanhthaimotor.com/goi-do-quat-ly-tam/goi-do-quat-ly-tam-6316,PASS,Đã được gửi và lập chỉ mục,2026-04-24T18:31:57Z
https://thanhthaimotor.com/kien-thuc-dien-co/tu-van-dong-co-dien/5-nguyen-nhan-motor-bi-tut-ampe-khong-co-tai-va-cach-xu-ly,PASS,Đã được gửi và lập chỉ mục,2026-06-08T18:46:56Z
"
                    https://thanhthaimotor.com/video/hop-giam-toc/video-review-hop-giam-toc-truc-vit-wpds-50                ",PASS,Đã được gửi và lập chỉ mục,2026-06-08T02:31:46Z
https://thanhthaimotor.com/en/electric-motors/3-phase-electric-motor-355kw-470hp,PASS,Đã được gửi và lập chỉ mục,2026-06-06T15:58:41Z
https://thanhthaimotor.com/dong-co-dien/dong-co-dien-co-phanh-7-5kw-10hp,PASS,Đã được gửi và lập chỉ mục,2026-06-08T08:44:48Z
https://thanhthaimotor.com/kien-thuc-dien-co/tu-van-dong-co-dien/mach-dieu-khien-toc-do-dong-co-1-pha-hieu-qua-nhat,PASS,Đã được gửi và lập chỉ mục,2026-06-04T03:46:06Z
"
                    https://thanhthaimotor.com/video/dong-co-giam-toc/video-review-motor-giam-toc-2-cap-nmrv-50-110                ",PASS,Đã được gửi và lập chỉ mục,2026-05-05T18:25:53Z
https://thanhthaimotor.com/kien-thuc-dien-co/tu-van-dong-co-buoc/dong-co-buoc-don-cuc-la-gi-kham-pha-uu-diem-va-ung-dung,PASS,Đã được gửi và lập chỉ mục,2026-06-08T09:54:09Z
https://thanhthaimotor.com/en/gearboxes/worm-gearbox-wpdo-250,PASS,Đã được gửi và lập chỉ mục,2026-05-28T12:19:25Z
"
                    https://thanhthaimotor.com/video/dong-co-buoc/video-review-dong-co-buoc-1-8nm                ",PASS,Đã được gửi và lập chỉ mục,2026-06-07T10:14:08Z
https://thanhthaimotor.com/dong-co-giam-toc-tai-nang-tren-3-7kw,PASS,Đã được gửi và lập chỉ mục,2026-05-27T00:37:01Z
https://thanhthaimotor.com/en/gear-motors/heavy-duty-r-series-inline-helical-gear-motor-4kw-5-5hp,PASS,Đã được gửi và lập chỉ mục,2026-06-01T19:57:24Z
https://thanhthaimotor.com/kien-thuc-dien-co/tu-van-dong-co-buoc/cach-dieu-khien-dong-co-buoc-bang-plc,PASS,Đã được gửi và lập chỉ mục,2026-06-08T00:18:43Z
https://thanhthaimotor.com/kien-thuc-dien-co/tu-van-may-bom-nuoc/chon-bom-tang-ap-cho-voi-rua-bat-sieu-em-va-ben-bi,NEUTRAL,Đã thu thập dữ liệu – hiện chưa được lập chỉ mục,2026-05-05T12:49:23Z
https://thanhthaimotor.com/kien-thuc-dien-co/tu-van-dong-co-dien/thay-day-curoa,PASS,Đã được gửi và lập chỉ mục,2026-06-01T02:03:55Z
https://thanhthaimotor.com/en/2-stage-gearboxes,PASS,Đã được gửi và lập chỉ mục,2026-06-07T16:43:44Z
https://thanhthaimotor.com/kien-thuc-dien-co/hoat-dong-noi-bat/thanh-thai-motor-tuyen-dung-ke-toan-ban-hang,PASS,Đã được gửi và lập chỉ mục,2026-06-04T17:14:22Z
https://thanhthaimotor.com/en/cycloidal-gearboxes,PASS,Đã được gửi và lập chỉ mục,2026-05-08T06:10:54Z
https://thanhthaimotor.com/kien-thuc-dien-co/tu-van-hop-giam-toc/nguyen-nhan-va-cach-xu-ly-hop-giam-toc-bi-ro-ri-dau,PASS,Đã được gửi và lập chỉ mục,2026-06-08T04:12:49Z
"
                    https://thanhthaimotor.com/video/dong-co-giam-toc/video-review-motor-giam-toc-nmrv-90-1-1kw-1-5hp                ",PASS,Đã được gửi và lập chỉ mục,2026-06-01T17:27:54Z
https://thanhthaimotor.com/kien-thuc-dien-co/tu-van-bien-tan/top-7-cac-hang-bien-tan-pho-bien-ben-bi-va-chat-luong-cao,PASS,Đã được gửi và lập chỉ mục,2026-06-07T09:40:11Z
https://thanhthaimotor.com/en/gear-motors/heavy-duty-s-series-helical-worm-gear-motor-22kw-30hp,PASS,Đã được gửi và lập chỉ mục,2026-06-08T08:04:56Z
https://thanhthaimotor.com/en/siemens-variable-frequency-drives-over-10kw,PASS,Đã được gửi và lập chỉ mục,2026-05-28T03:03:45Z
https://thanhthaimotor.com/kien-thuc-dien-co/tu-van-dong-co-dien/phan-tich-chuyen-sau-ve-cong-nghe-dong-co-khong-choi-than-48v,PASS,Đã được gửi và lập chỉ mục,2026-05-29T01:56:45Z
https://thanhthaimotor.com/dong-co-giam-toc-truc-vit-banh-vit-1-pha,PASS,Đã được gửi và lập chỉ mục,2026-05-23T05:10:49Z
https://thanhthaimotor.com/en/variable-speed-gear-motors-under-1-1kw,NEUTRAL,Đã thu thập dữ liệu – hiện chưa được lập chỉ mục,2026-03-25T14:54:55Z
https://thanhthaimotor.com/en/variable-frequency-drives/fuji-11kw-variable-frequency-drive,NEUTRAL,Đã thu thập dữ liệu – hiện chưa được lập chỉ mục,2026-04-09T10:00:53Z
https://thanhthaimotor.com/en/heavy-duty-gear-motors,PASS,Đã được gửi và lập chỉ mục,2026-06-07T17:40:00Z
https://thanhthaimotor.com/kien-thuc-dien-co/tu-van-may-bom-nuoc/huong-dan-chi-tiet-cach-chinh-bom-tang-ap-cho-he-thong-nuoc,NEUTRAL,Đã thu thập dữ liệu – hiện chưa được lập chỉ mục,2026-05-05T11:46:12Z
https://thanhthaimotor.com/kien-thuc-dien-co/tu-van-dong-co-dien/bang-ky-hieu-tren-dong-co-3-pha-va-cach-tinh-so-vong-quay,PASS,Đã được gửi và lập chỉ mục,2026-05-30T17:41:20Z
https://thanhthaimotor.com/en/gear-motors/2-stage-udl-1-5kw-wpdo-80-gear-motor,NEUTRAL,Đã thu thập dữ liệu – hiện chưa được lập chỉ mục,2026-04-12T08:36:48Z
https://thanhthaimotor.com/kien-thuc-dien-co/tu-van-may-bom-nuoc/cach-lap-may-bom-nuoc-truc-tiep-tu-duong-ong-an-toan-hieu-qua,NEUTRAL,Đã thu thập dữ liệu – hiện chưa được lập chỉ mục,2026-05-16T17:07:20Z
"
                    https://thanhthaimotor.com/video/dong-co-giam-toc/video-review-motor-giam-toc-1-pha-0-8kw-1hp                ",PASS,Đã được gửi và lập chỉ mục,2026-06-07T10:38:15Z
https://thanhthaimotor.com/kien-thuc-dien-co/tu-van-dong-co-dien/huong-dan-thao-lap-dong-co-phong-no,PASS,Đã được gửi và lập chỉ mục,2026-05-28T18:43:01Z
https://thanhthaimotor.com/dong-co-giam-toc/motor-giam-toc-wpdo-120-3kw-4hp,PASS,Đã được gửi và lập chỉ mục,2026-06-10T11:22:17Z
https://thanhthaimotor.com/kien-thuc-dien-co/tu-van-dong-co-buoc/dieu-khien-dong-co-buoc-bang-arduino,PASS,Đã được gửi và lập chỉ mục,2026-06-07T18:37:31Z
https://thanhthaimotor.com/hop-giam-toc-hop-tai-nang-vuong-goc-s-1-cap,PASS,Đã được gửi và lập chỉ mục,2026-06-01T08:46:08Z
https://thanhthaimotor.com/dong-co-giam-toc/motor-giam-toc-tai-nang-truc-song-song-f-22kw-30hp,PASS,Đã được gửi và lập chỉ mục,2026-06-05T03:01:42Z
"
                    https://thanhthaimotor.com/video/dong-co-giam-toc/video-review-motor-giam-toc-wpx-60-0-37kw-0-5hp                ",PASS,Đã được gửi và lập chỉ mục,2026-05-02T18:36:29Z
https://thanhthaimotor.com/bien-tan/bien-tan-delta-2-2kw,PASS,Đã được gửi và lập chỉ mục,2026-06-01T17:02:47Z
https://thanhthaimotor.com/dong-co-giam-toc/motor-giam-toc-mini-40w,PASS,Đã được gửi và lập chỉ mục,2026-06-03T22:46:57Z
https://thanhthaimotor.com/hop-giam-toc/hop-giam-toc-truc-vit-wpa-80,PASS,Đã được gửi và lập chỉ mục,2026-06-08T06:33:36Z
https://thanhthaimotor.com/dong-co-giam-toc/motor-giam-toc-tai-nang-cycloid-7-5kw-10hp,PASS,Đã được gửi và lập chỉ mục,2026-05-28T12:18:29Z
https://thanhthaimotor.com/hop-giam-toc/hop-giam-toc-truc-vit-wpdks-60,PASS,Đã được gửi và lập chỉ mục,2026-05-23T17:10:34Z
https://thanhthaimotor.com/puly/puly-truc-38mm,PASS,Đã được gửi và lập chỉ mục,2026-06-05T05:55:52Z
https://thanhthaimotor.com/en/gear-motors/wps-50-gear-motor-0-18kw-0-25hp,PASS,Đã được gửi và lập chỉ mục,2026-06-08T23:12:34Z
https://thanhthaimotor.com/en/gear-motors/wpo-80-gear-motor-1-1kw-1-5hp,NEUTRAL,Đã thu thập dữ liệu – hiện chưa được lập chỉ mục,2026-04-08T07:23:10Z
https://thanhthaimotor.com/en/gear-motors/wpds-60-gear-motor-0-37kw-0-5hp,PASS,Đã được gửi và lập chỉ mục,2026-05-29T13:18:15Z
https://thanhthaimotor.com/quat-thoi-khi/motor-quat-thoi-1-5kw-2hp,PASS,Đã được gửi và lập chỉ mục,2026-05-31T05:37:43Z
https://thanhthaimotor.com/en/air-blowers/air-blower-5-5kw-7-5hp,PASS,Đã được gửi và lập chỉ mục,2026-06-06T06:16:26Z
https://thanhthaimotor.com/dong-co-dien/motor-bien-tan-3-pha-90kw-125hp,PASS,Đã được gửi và lập chỉ mục,2026-06-08T05:56:51Z
https://thanhthaimotor.com/kien-thuc-dien-co/tu-van-may-bom-nuoc/may-bom-chim-nuoc-bien-la-gi-cau-tao-nguyen-ly-va-ung-dung,PASS,Đã được gửi và lập chỉ mục,2026-06-01T00:55:12Z
https://thanhthaimotor.com/bien-tan/bien-tan-siemens-30kw,PASS,Đã được gửi và lập chỉ mục,2026-06-09T06:50:13Z
https://thanhthaimotor.com/en/gearboxes/wpa-200-worm-gearbox,PASS,Đã được gửi và lập chỉ mục,2026-06-06T01:46:41Z
https://thanhthaimotor.com/en/gear-motors/3-stage-gear-motor-2-udl-1-5kw-and-1-wpdx-100,PASS,Đã được gửi và lập chỉ mục,2026-06-06T04:03:40Z
https://thanhthaimotor.com/en/gear-motors/3-stage-gear-motor-2-udl-0-37kw-and-1-wpda-60,PASS,Đã được gửi và lập chỉ mục,2026-06-06T02:49:54Z
https://thanhthaimotor.com/kien-thuc-dien-co/tu-van-dong-co-dien/hang-ve-nhap-kho-2-container-lien-tiep-gom-motor-dien-va-motor-giam-toc-mini,NEUTRAL,Đã phát hiện thấy – hiện chưa được lập chỉ mục,N/A
https://thanhthaimotor.com/motor-rung/dong-co-rung-dam-rung-mini-0-04kw,PASS,Đã được gửi và lập chỉ mục,2026-06-08T11:58:15Z
https://thanhthaimotor.com/may-bom-nuoc/may-bom-nuoc-1-pha-3kw-4hp,PASS,Đã được gửi và lập chỉ mục,2026-06-06T06:25:30Z
https://thanhthaimotor.com/kien-thuc-dien-co/tu-van-may-bom-nuoc/may-bom-nuoc-1-5hp-gia-bao-nhieu-kinh-nghiem-chon-mua-chuan-xac,PASS,Đã được gửi và lập chỉ mục,2026-05-29T14:50:31Z
"
                    https://thanhthaimotor.com/video/dong-co-giam-toc/video-review-motor-giam-toc-2-cap-nmrv-75-90                ",PASS,Đã được gửi và lập chỉ mục,2026-06-08T08:32:35Z
"
                    https://thanhthaimotor.com/video/goi-do-quat-ly-tam/video-bao-gia-goi-do-quat-ly-tam-thang-06-2026                ",PASS,Đã được gửi và lập chỉ mục,2026-05-30T17:26:03Z
https://thanhthaimotor.com/en/2-stage-s-series-helical-worm-gearboxes,NEUTRAL,Đã thu thập dữ liệu – hiện chưa được lập chỉ mục,2026-04-09T04:51:46Z
https://thanhthaimotor.com/quat-thoi-khi/motor-quat-thoi-0-75kw-1hp,PASS,Đã được gửi và lập chỉ mục,2026-05-29T03:43:38Z
https://thanhthaimotor.com/en/variable-frequency-drives/schneider-variable-frequency-drive-45kw,NEUTRAL,Đã thu thập dữ liệu – hiện chưa được lập chỉ mục,2026-04-14T06:15:45Z
https://thanhthaimotor.com/kien-thuc-dien-co/tu-van-dong-co-dien/nguyen-nhan-va-cach-khac-phuc-motor-3-pha-chay-yeu,PASS,Đã được gửi và lập chỉ mục,2026-05-05T10:05:45Z
https://thanhthaimotor.com/kien-thuc-dien-co/lo-dong-co-dien-va-motor-giam-toc-moi-nhat-da-cap-kho-da-dang-cong-suat-san-hang-giao-toan-quoc,PASS,Đã được gửi và lập chỉ mục,2026-05-22T09:38:59Z
"
                    https://thanhthaimotor.com/video/hop-giam-toc/video-review-hop-giam-toc-nmrv-150                ",PASS,Đã được gửi và lập chỉ mục,2026-06-08T07:43:06Z
https://thanhthaimotor.com/may-bom-nuoc-1-pha-duoi-50m3-h,PASS,Đã được gửi và lập chỉ mục,2026-06-09T08:10:55Z
https://thanhthaimotor.com/dong-co-giam-toc/motor-giam-toc-wpo-200-11kw-15hp,PASS,Đã được gửi và lập chỉ mục,2026-06-01T15:12:38Z
https://thanhthaimotor.com/kien-thuc-dien-co/tu-van-dong-co-dien,PASS,Đã được gửi và lập chỉ mục,2026-06-08T16:56:05Z
https://thanhthaimotor.com/bien-tan/bien-tan-fuji-1-5kw,PASS,Đã được gửi và lập chỉ mục,2026-06-09T06:54:09Z
https://thanhthaimotor.com/may-bom-nuoc/may-bom-nuoc-ca-sau-1dk-16,PASS,Đã được gửi và lập chỉ mục,2026-06-08T16:25:55Z
https://thanhthaimotor.com/en/gearboxes/nmrv-50-gearbox,PASS,Đã được gửi và lập chỉ mục,2026-06-08T07:47:41Z
https://thanhthaimotor.com/en/couplings/38mm-shaft-coupling,NEUTRAL,Đã thu thập dữ liệu – hiện chưa được lập chỉ mục,2026-05-28T15:16:24Z
https://thanhthaimotor.com/dong-co-dien/dong-co-dien-co-phanh-15kw-20hp,PASS,Đã được gửi và lập chỉ mục,2026-06-01T01:50:29Z
https://thanhthaimotor.com/en/electric-motors/explosion-proof-motor-37kw-50hp,PASS,Đã được gửi và lập chỉ mục,2026-06-08T09:18:35Z
https://thanhthaimotor.com/dong-co-giam-toc/motor-giam-toc-wps-200-11kw-15hp,PASS,Đã được gửi và lập chỉ mục,2026-06-06T05:40:46Z
https://thanhthaimotor.com/en/electric-motors/3-phase-electric-motor-2-2kw-3hp,PASS,Đã được gửi và lập chỉ mục,2026-05-31T18:44:16Z
"
                    https://thanhthaimotor.com/video/dong-co-giam-toc/video-review-motor-giam-toc-2-cap-udl-1-5kw-wpda-80                ",PASS,Đã được gửi và lập chỉ mục,2026-06-10T09:22:16Z
https://thanhthaimotor.com/kien-thuc-dien-co/tu-van-may-bom-nuoc/top-5-may-bom-tang-ap-tu-ngat-khi-khong-co-nuoc-tot-nhat-tai-thanh-thai-motor,PASS,Đã được gửi và lập chỉ mục,2026-06-08T09:53:56Z
https://thanhthaimotor.com/en/3-phase-electric-motors-above-3-7kw,PASS,Đã được gửi và lập chỉ mục,2026-05-31T03:20:55Z
https://thanhthaimotor.com/dong-co-giam-toc-tai-nang,PASS,Đã được gửi và lập chỉ mục,2026-06-07T16:44:34Z
https://thanhthaimotor.com/en/blog,NEUTRAL,Bị loại trừ bởi thẻ 'noindex',2026-04-03T17:04:59Z
https://thanhthaimotor.com/puly/puly-truc-28mm,PASS,Đã được gửi và lập chỉ mục,2026-06-08T19:55:33Z
"
                    https://thanhthaimotor.com/video/dong-co-giam-toc/video-review-motor-giam-toc-3-cap-2-udl-0-37kw-va-1-wpda-60                ",PASS,Đã được gửi và lập chỉ mục,2026-06-08T06:38:33Z
https://thanhthaimotor.com/kien-thuc-dien-co/tu-van-khop-noi/huong-dan-chon-khop-noi,PASS,Đã được gửi và lập chỉ mục,2026-05-29T10:47:43Z
https://thanhthaimotor.com/hop-giam-toc/hop-so-giam-toc-zq-1000,PASS,Đã được gửi và lập chỉ mục,2026-05-21T20:16:09Z
"
                    https://thanhthaimotor.com/video/dong-co-giam-toc/video-review-motor-giam-toc-wpo-40-0-18kw-0-25hp                ",PASS,Đã được gửi và lập chỉ mục,2026-06-08T00:05:11Z
https://thanhthaimotor.com/may-bom-nuoc/may-bom-nuoc-chan-khong-ca-sau-p160,PASS,Đã được gửi và lập chỉ mục,2026-05-28T10:47:20Z
https://thanhthaimotor.com/hop-giam-toc/hop-so-giam-toc-cycloid-11kw-15hp,PASS,Đã được gửi và lập chỉ mục,2026-06-06T04:39:46Z
https://thanhthaimotor.com/motor-rung/dong-co-rung-dam-rung-0-3kw,PASS,Đã được gửi và lập chỉ mục,2026-06-01T16:10:22Z
https://thanhthaimotor.com/en/gear-motors/wpx-135-gear-motor-3kw-4hp,PASS,Đã được gửi và lập chỉ mục,2026-06-05T02:10:38Z
https://thanhthaimotor.com/en/couplings/95mm-shaft-coupling,NEUTRAL,Đã thu thập dữ liệu – hiện chưa được lập chỉ mục,2026-04-19T03:24:45Z
"
                    https://thanhthaimotor.com/video/khop-noi/video-review-khop-noi-truc-19mm                ",PASS,Đã được gửi và lập chỉ mục,2026-06-01T17:03:20Z
https://thanhthaimotor.com/hop-giam-toc/hop-giam-toc-truc-vit-wpda-155,PASS,Đã được gửi và lập chỉ mục,2026-06-09T17:17:51Z
https://thanhthaimotor.com/en/gear-motors/wpds-50-gear-motor-0-18kw-0-25hp,NEUTRAL,Đã thu thập dữ liệu – hiện chưa được lập chỉ mục,2026-05-22T02:53:11Z
"
                    https://thanhthaimotor.com/video/hop-giam-toc/video-review-hop-giam-toc-2-cap-nmrv-50-130                ",PASS,Đã được gửi và lập chỉ mục,2026-06-08T02:25:31Z
https://thanhthaimotor.com/dong-co-giam-toc/motor-giam-toc-2-cap-nmrv-63-130,PASS,Đã được gửi và lập chỉ mục,2026-06-08T08:13:42Z
https://thanhthaimotor.com/kien-thuc-dien-co/tu-van-dong-co-dien/cac-phuong-phap-xu-ly-lo-bac-dan-bi-rong-chuan-ky-thuat,NEUTRAL,Đã thu thập dữ liệu – hiện chưa được lập chỉ mục,2026-06-09T16:56:46Z
https://thanhthaimotor.com/en/vibratory-equipment/vibratory-equipment-2-2kw-3hp,PASS,Đã được gửi và lập chỉ mục,2026-06-08T21:36:46Z
https://thanhthaimotor.com/hop-giam-toc/hop-giam-toc-nmrv-50,PASS,Đã được gửi và lập chỉ mục,2026-06-09T05:39:41Z
https://thanhthaimotor.com/kien-thuc-dien-co/tu-van-may-bom-nuoc/may-bom-nuoc-day-cao-5m-la-gi-cau-tao-nguyen-ly-va-ung-dung-thuc-te,PASS,Đã được gửi và lập chỉ mục,2026-05-29T16:50:22Z
https://thanhthaimotor.com/dong-co-dien/dong-co-dien-3-pha-200kw-270hp,PASS,Đã được gửi và lập chỉ mục,2026-06-05T17:14:43Z
https://thanhthaimotor.com/quat-thoi-khi-quat-ly-tam,PASS,Đã được gửi và lập chỉ mục,2026-05-31T06:15:05Z
https://thanhthaimotor.com/en/explosion-proof-motors-under-3-7kw,PASS,Đã được gửi và lập chỉ mục,2026-06-08T05:56:55Z
https://thanhthaimotor.com/kien-thuc-dien-co/tu-van-may-bom-nuoc/may-bom-tang-ap-cho-nha-cao-tang,PASS,Đã được gửi và lập chỉ mục,2026-06-05T00:51:06Z
https://thanhthaimotor.com/kien-thuc-dien-co/tu-van-dong-co-dien/dong-co-servo,PASS,Đã được gửi và lập chỉ mục,2026-05-27T22:08:20Z
https://thanhthaimotor.com/en/booster-pumps,NEUTRAL,Đã thu thập dữ liệu – hiện chưa được lập chỉ mục,2026-06-09T04:43:34Z
https://thanhthaimotor.com/dong-co-giam-toc/motor-giam-toc-wpx-200-11kw-15hp,PASS,Đã được gửi và lập chỉ mục,2026-05-28T16:22:25Z
https://thanhthaimotor.com/en/air-blowers/air-blower-7-5kw-10hp,PASS,Đã được gửi và lập chỉ mục,2026-05-31T19:14:16Z
https://thanhthaimotor.com/may-bom-nuoc/may-bom-nuoc-ca-sau-jet-100hqi,PASS,Đã được gửi và lập chỉ mục,2026-06-06T18:14:26Z
"
                    https://thanhthaimotor.com/video/dong-co-dien/video-review-dong-co-dien-3-pha-0-25kw-0-34hp                ",PASS,Đã được gửi và lập chỉ mục,2026-06-08T08:18:42Z
https://thanhthaimotor.com/en/water-pumps-under-3-7kw-under-50m3-h,PASS,Đã được gửi và lập chỉ mục,2026-05-07T04:41:02Z
"
                    https://thanhthaimotor.com/video/hop-giam-toc/video-review-hop-giam-toc-2-cap-nmrv-63-90                ",PASS,Đã được gửi và lập chỉ mục,2026-06-08T08:18:05Z
https://thanhthaimotor.com/en/gearboxes/wps-40-worm-gearbox,PASS,Đã được gửi và lập chỉ mục,2026-05-31T03:21:07Z
https://thanhthaimotor.com/bien-tan/bien-tan-invt-11kw,PASS,Đã được gửi và lập chỉ mục,2026-06-01T12:22:03Z
https://thanhthaimotor.com/kien-thuc-dien-co/tu-van-dong-co-dien/cau-tao-dong-co-dien,PASS,Đã được gửi và lập chỉ mục,2026-05-26T15:17:28Z
https://thanhthaimotor.com/hop-giam-toc/hop-giam-toc-truc-vit-wpdo-120,PASS,Đã được gửi và lập chỉ mục,2026-05-28T12:21:43Z
"
                    https://thanhthaimotor.com/video/hop-giam-toc/video-review-hop-giam-toc-tai-nang-truc-vuong-goc-k-2-2kw-3hp                ",PASS,Đã được gửi và lập chỉ mục,2026-06-08T02:31:35Z
https://thanhthaimotor.com/hop-giam-toc/hop-giam-toc-truc-vit-wpwka-60,PASS,Đã được gửi và lập chỉ mục,2026-06-06T02:30:32Z
"
                    https://thanhthaimotor.com/video/dong-co-giam-toc/video-review-otor-giam-toc-3-cap-2-udl-1-5kw-va-1-r57                ",PASS,Đã được gửi và lập chỉ mục,2026-05-29T10:46:54Z
https://thanhthaimotor.com/hop-giam-toc/giam-toc-tai-nang-r-k-f-30kw-40hp,PASS,Đã được gửi và lập chỉ mục,2026-06-06T15:25:45Z
https://thanhthaimotor.com/thang-tu/thang-tu-7-5kw-10hp,PASS,Đã được gửi và lập chỉ mục,2026-06-06T16:22:18Z
https://thanhthaimotor.com/dong-co-giam-toc/motor-giam-toc-3-cap-2-udl-2-2kw-va-1-wpdo-120,PASS,Đã được gửi và lập chỉ mục,2026-06-06T06:01:56Z
"
                    https://thanhthaimotor.com/video/hop-giam-toc/video-review-hop-giam-toc-truc-vit-wpx-120                ",PASS,Đã được gửi và lập chỉ mục,2026-06-08T02:15:58Z
https://thanhthaimotor.com/dong-co-giam-toc/motor-giam-toc-wpo-70-0-75kw-1hp,PASS,Đã được gửi và lập chỉ mục,2026-05-28T15:47:16Z
https://thanhthaimotor.com/en/variable-frequency-drives/abb-variable-frequency-drive-5-5kw,NEUTRAL,Đã thu thập dữ liệu – hiện chưa được lập chỉ mục,2026-05-20T02:39:17Z
https://thanhthaimotor.com/kien-thuc-dien-co/tu-van-dong-co-giam-toc/bao-gia-dong-co-giam-toc-truc-vit-banh-vit-tren-3-7kw-chi-tiet,PASS,Đã được gửi và lập chỉ mục,2026-06-08T01:39:55Z
https://thanhthaimotor.com/kien-thuc-dien-co/tu-van-bien-tan/tim-hieu-igbt-bien-tan-la-gi-cau-tao-va-nguyen-ly-hoat-dong,PASS,Đã được gửi và lập chỉ mục,2026-06-08T09:54:00Z
https://thanhthaimotor.com/en/3-phase-vibratory-equipment,PASS,Đã được gửi và lập chỉ mục,2026-06-08T15:11:29Z
https://thanhthaimotor.com/en/electric-motors/3-phase-electric-motor-18-5kw-25hp,PASS,Đã được gửi và lập chỉ mục,2026-06-05T02:39:07Z
https://thanhthaimotor.com/khop-noi/khop-noi-xich-kc5018,PASS,Đã được gửi và lập chỉ mục,2026-06-10T07:33:28Z
https://thanhthaimotor.com/kien-thuc-dien-co/tu-van-dong-co-dien/huong-dan-cach-khac-phuc-dong-co-phong-no-keu-to-hieu-qua-nhat,PASS,Đã được gửi và lập chỉ mục,2026-06-01T08:05:28Z
https://thanhthaimotor.com/kien-thuc-dien-co/tu-van-bien-tan/inovance-bien-tan-toi-uu-hoa-hieu-suat-voi-cong-nghe-hien-dai,NEUTRAL,Đã thu thập dữ liệu – hiện chưa được lập chỉ mục,2026-05-26T19:46:24Z
https://thanhthaimotor.com/kien-thuc-dien-co/tu-van-dong-co-dien/huong-dan-chon-dung-tieu-chuan-cach-dien-cua-motor,PASS,Đã được gửi và lập chỉ mục,2026-05-25T09:45:38Z
https://thanhthaimotor.com/en/electric-motors/3-phase-electric-motor-4-0kw-5-5hp,PASS,Đã được gửi và lập chỉ mục,2026-06-06T06:01:12Z
"
                    https://thanhthaimotor.com/video/thang-tu/video-review-thang-tu-1-5kw-2hp                ",PASS,Đã được gửi và lập chỉ mục,2026-06-08T04:08:02Z
https://thanhthaimotor.com/en/hb-series-t-series-right-angle-bevel-gearboxes,PASS,Đã được gửi và lập chỉ mục,2026-05-24T05:25:36Z
https://thanhthaimotor.com/may-bom-nuoc/may-bom-nuoc-1-pha-1-5kw-2hp,PASS,Đã được gửi và lập chỉ mục,2026-06-08T20:29:34Z
https://thanhthaimotor.com/bien-tan-duoi-10kw,PASS,Đã được gửi và lập chỉ mục,2026-06-10T02:58:37Z
https://thanhthaimotor.com/dong-co-giam-toc/motor-giam-toc-tai-nang-cycloid-1-5kw-2hp,PASS,Đã được gửi và lập chỉ mục,2026-06-04T18:21:35Z
https://thanhthaimotor.com/dong-co-giam-toc/motor-giam-toc-tai-nang-truc-vuong-goc-s-11kw-15hp,PASS,Đã được gửi và lập chỉ mục,2026-06-07T13:15:02Z
https://thanhthaimotor.com/en/variable-frequency-drives/schneider-variable-frequency-drive-5-5kw,NEUTRAL,Đã thu thập dữ liệu – hiện chưa được lập chỉ mục,2026-04-04T14:32:28Z
https://thanhthaimotor.com/kien-thuc-dien-co/tu-van-bien-tan/bien-tan-off-grid-la-gi-chon-bien-tan-off-grid-40kw-toi-uu,PASS,Đã được gửi và lập chỉ mục,2026-06-07T15:59:48Z
"
                    https://thanhthaimotor.com/video/dong-co-giam-toc/video-review-motor-giam-toc-co-phanh-1-5kw-2hp                ",PASS,Đã được gửi và lập chỉ mục,2026-06-07T01:11:33Z
https://thanhthaimotor.com/dong-co-giam-toc/motor-giam-toc-tai-nang-truc-vuong-goc-k-11kw-15hp,PASS,Đã được gửi và lập chỉ mục,2026-06-04T17:10:25Z
https://thanhthaimotor.com/kien-thuc-dien-co/tu-van-dong-co-dien/xu-ly-hieu-qua-bom-thuy-luc-bi-giam-ap-nguyen-nhan-va-giai-phap-chuyen-sau,NEUTRAL,Đã thu thập dữ liệu – hiện chưa được lập chỉ mục,2026-05-05T11:02:50Z
https://thanhthaimotor.com/kien-thuc-dien-co/tu-van-hop-giam-toc/thanh-thai-motor-nhap-kho-lo-hang-da-dang-cac-loai-hop-giam-toc-motor-giam-toc,PASS,Đã được gửi và lập chỉ mục,2026-05-31T20:36:39Z
"
                    https://thanhthaimotor.com/video/dong-co-giam-toc/video-review-motor-giam-toc-wps-70-0-75kw-1hp                ",PASS,Đã được gửi và lập chỉ mục,2026-06-06T02:31:32Z
https://thanhthaimotor.com/quat-thoi-khi/motor-quat-thoi-45kw-60hp,PASS,Đã được gửi và lập chỉ mục,2026-06-04T18:51:10Z
"
                    https://thanhthaimotor.com/video/dong-co-giam-toc/video-huong-dan-dau-hop-giam-toc-nmrv-vao-motor-3-pha                ",PASS,Đã được gửi và lập chỉ mục,2026-06-08T06:43:06Z
https://thanhthaimotor.com/en/gear-motors/nmrv-63-gear-motor-1-5kw-2hp,PASS,Đã được gửi và lập chỉ mục,2026-06-08T04:10:39Z
https://thanhthaimotor.com/hop-giam-toc/hop-giam-toc-truc-vit-wpda-40,PASS,Đã được gửi và lập chỉ mục,2026-05-31T19:28:04Z
https://thanhthaimotor.com/may-bom-nuoc-ca-sau-duoi-3-7kw,PASS,Đã được gửi và lập chỉ mục,2026-06-08T09:06:57Z
https://thanhthaimotor.com/en/water-pumps/1-phase-water-pump-1-5kw-2hp,PASS,Đã được gửi và lập chỉ mục,2026-06-05T17:53:04Z
https://thanhthaimotor.com/kien-thuc-dien-co/tu-van-may-bom-nuoc/cach-lap-bom-tang-ap-tai-nha-an-toan-voi-5-buoc-don-gian,PASS,Đã được gửi và lập chỉ mục,2026-06-08T09:53:49Z
"
                    https://thanhthaimotor.com/video/dong-co-giam-toc/video-review-motor-giam-toc-tai-nang-cycloid-15kw-20hp                ",PASS,Đã được gửi và lập chỉ mục,2026-06-06T09:13:21Z
https://thanhthaimotor.com/en/gearboxes/screw-jack-gearbox-swld20-swl20,PASS,Đã được gửi và lập chỉ mục,2026-06-07T13:21:46Z
https://thanhthaimotor.com/hop-giam-toc/hop-giam-toc-truc-vit-wpa-60,PASS,Đã được gửi và lập chỉ mục,2026-06-04T12:55:53Z
https://thanhthaimotor.com/bien-tan/bien-tan-siemens-2-2kw,PASS,Đã được gửi và lập chỉ mục,2026-06-06T02:09:17Z
https://thanhthaimotor.com/hop-giam-toc/hop-giam-toc-2-cap-udl-0-37kw-wpds-60,PASS,Đã được gửi và lập chỉ mục,2026-06-07T22:46:54Z
https://thanhthaimotor.com/dong-co-dien/dong-co-dien-3-pha-250kw-340hp,PASS,Đã được gửi và lập chỉ mục,2026-06-04T23:31:37Z
https://thanhthaimotor.com/en/gearboxes/wps-50-worm-gearbox,PASS,Đã được gửi và lập chỉ mục,2026-05-31T03:21:08Z
https://thanhthaimotor.com/en/gear-motors/3-stage-gear-motor-2-udl-2-2kw-and-1-wpdo-120,PASS,Đã được gửi và lập chỉ mục,2026-06-07T12:01:44Z
https://thanhthaimotor.com/may-bom-nuoc-chim-duoi-3-7kw,PASS,Đã được gửi và lập chỉ mục,2026-06-10T03:09:18Z
https://thanhthaimotor.com/kien-thuc-dien-co/tu-van-bien-tan/huong-dan-cai-dat-bien-tan-easydrive-chi-tiet-an-toan-va-hieu-qua,PASS,Đã được gửi và lập chỉ mục,2026-06-05T07:21:51Z
https://thanhthaimotor.com/may-bom-nuoc/may-bom-nuoc-day-cao-lepono-xcm130,PASS,Đã được gửi và lập chỉ mục,2026-06-06T03:53:37Z
"
                    https://thanhthaimotor.com/video/dong-co-giam-toc/video-review-motor-giam-toc-nmrv-30-0-25kw-0-34hp                ",PASS,Đã được gửi và lập chỉ mục,2026-06-08T00:16:25Z
https://thanhthaimotor.com/kien-thuc-dien-co/tu-van-may-bom-nuoc/may-bom-day-cao-dien-tu-dac-diem-ung-dung-va-cach-chon,NEUTRAL,Đã phát hiện thấy – hiện chưa được lập chỉ mục,N/A
https://thanhthaimotor.com/khop-noi-tren-50mm,PASS,Đã được gửi và lập chỉ mục,2026-06-05T21:44:01Z
https://thanhthaimotor.com/kien-thuc-dien-co/tu-van-dong-co-dien/so-sanh-dong-co-dien-vo-nhom-voi-vo-gang-va-uu-nhuoc-diem,PASS,Đã được gửi và lập chỉ mục,2026-05-05T13:03:24Z
https://thanhthaimotor.com/kien-thuc-dien-co/tu-van-quat-thoi-khi/toc-do-khi-quat-ly-tam-la-gi-cach-chon-dung-doi-voi-moi-ung,NEUTRAL,Đã phát hiện thấy – hiện chưa được lập chỉ mục,N/A
https://thanhthaimotor.com/en/water-pumps/crocodile-water-pump-1dk-16-i-0-37kw-0-5hp,PASS,Đã được gửi và lập chỉ mục,2026-06-07T18:07:54Z
https://thanhthaimotor.com/en/gearboxes/wpx-60-worm-gearbox,PASS,Đã được gửi và lập chỉ mục,2026-06-10T07:26:30Z
https://thanhthaimotor.com/kien-thuc-dien-co/tu-van-may-bom-nuoc/bang-gia-may-bom-hut-chan-khong-3-pha-moi-nhat,PASS,Đã được gửi và lập chỉ mục,2026-05-04T09:38:17Z
https://thanhthaimotor.com/en/gearboxes/wpa-50-worm-gearbox,NEUTRAL,Đã thu thập dữ liệu – hiện chưa được lập chỉ mục,2026-04-17T13:28:38Z
https://thanhthaimotor.com/kien-thuc-dien-co/tu-van-may-bom-nuoc/cong-thuc-tinh-ap-suat-may-bom-nuoc-don-gian-de-hieu,NEUTRAL,Đã thu thập dữ liệu – hiện chưa được lập chỉ mục,2026-05-31T15:07:01Z
https://thanhthaimotor.com/kien-thuc-dien-co/tu-van-dong-co-dien/bao-duong-dong-co-dien,PASS,Đã được gửi và lập chỉ mục,2026-06-01T04:21:44Z
https://thanhthaimotor.com/en/gearboxes/wps-250-worm-gearbox,NEUTRAL,Đã thu thập dữ liệu – hiện chưa được lập chỉ mục,2026-04-07T17:00:54Z
https://thanhthaimotor.com/en/1-phase-gear-motors-above-3-7kw,NEUTRAL,Đã thu thập dữ liệu – hiện chưa được lập chỉ mục,2026-03-25T07:29:50Z
https://thanhthaimotor.com/en/gearboxes/3-stage-gearbox-2-udl-0-8kw-and-1-wpds-70,PASS,Đã được gửi và lập chỉ mục,2026-06-01T06:42:07Z
https://thanhthaimotor.com/may-bom-nuoc-hoa-tien-3-pha,PASS,Đã được gửi và lập chỉ mục,2026-06-03T16:09:35Z
https://thanhthaimotor.com/en/gearboxes/wpdks-70-worm-gearbox,PASS,Đã được gửi và lập chỉ mục,2026-05-31T18:43:44Z
https://thanhthaimotor.com/kien-thuc-dien-co/tu-van-dong-co-dien/cach-phan-biet-dong-co-dien-mat-bich-va-chan-de,NEUTRAL,Đã thu thập dữ liệu – hiện chưa được lập chỉ mục,2026-05-05T12:13:25Z
https://thanhthaimotor.com/en/booster-pumps-below-50m3-h,NEUTRAL,Đã thu thập dữ liệu – hiện chưa được lập chỉ mục,2026-04-08T18:12:21Z
https://thanhthaimotor.com/dong-co-dien/motor-bien-tan-3-pha-30kw-40hp,PASS,Đã được gửi và lập chỉ mục,2026-05-30T01:21:30Z
https://thanhthaimotor.com/en/gear-motors/3-stage-gear-motor-2-udl-2-2kw-and-1-cycloid-x4,PASS,Đã được gửi và lập chỉ mục,2026-06-06T16:31:40Z
"
                    https://thanhthaimotor.com/video/hop-giam-toc/video-bao-gia-hop-giam-toc-tai-nang-truc-s-thang-06-2026                ",PASS,Đã được gửi và lập chỉ mục,2026-05-30T09:30:28Z
https://thanhthaimotor.com/kien-thuc-dien-co/tu-van-bien-tan/tim-hieu-ngay-cac-loai-so-do-bien-tan-pho-bien-va-ung-dung-thuc-te,PASS,Đã được gửi và lập chỉ mục,2026-06-01T13:41:38Z
https://thanhthaimotor.com/kien-thuc-dien-co/tu-van-dong-co-giam-toc/cac-loai-motor-giam-toc-lo-nuong-pho-bien-hien-nay,PASS,Đã được gửi và lập chỉ mục,2026-06-01T05:08:56Z
https://thanhthaimotor.com/khop-noi/khop-noi-xich-kc5020,PASS,Đã được gửi và lập chỉ mục,2026-05-02T16:55:59Z
"
                    https://thanhthaimotor.com/video/dong-co-giam-toc/video-review-motor-giam-toc-tai-nang-truc-thang-r-30kw-40hp                ",PASS,Đã được gửi và lập chỉ mục,2026-06-03T09:20:17Z
https://thanhthaimotor.com/en/gear-motors/wpa-250-gear-motor-15kw-20hp,PASS,Đã được gửi và lập chỉ mục,2026-06-04T17:58:35Z
https://thanhthaimotor.com/kien-thuc-dien-co/tu-van-hop-giam-toc/bang-gia-hop-giam-toc-3-cap-moi-nhat,NEUTRAL,Đã thu thập dữ liệu – hiện chưa được lập chỉ mục,2026-05-05T08:54:23Z
https://thanhthaimotor.com/en/gear-motors/wpa-120-gear-motor-4kw-5-5hp,PASS,Đã được gửi và lập chỉ mục,2026-06-01T18:31:50Z
https://thanhthaimotor.com/kien-thuc-dien-co/tu-van-dong-co-dien/nguyen-nhan-gay-ra-dien-tro-cua-kim-loai,PASS,Đã được gửi và lập chỉ mục,2026-06-08T08:26:08Z
https://thanhthaimotor.com/dong-co-dien/dong-co-dien-3-pha-0-8kw-1hp,PASS,Đã được gửi và lập chỉ mục,2026-06-06T03:58:06Z
https://thanhthaimotor.com/video/hop-giam-toc-truc-vit-banh-vit,PASS,Đã được gửi và lập chỉ mục,2026-06-08T09:37:23Z
"
                    https://thanhthaimotor.com/video/dong-co-dien/tong-hop-video-nhap-kho-lo-motor-dien-moi-da-ve-du-cong-suat-san-kho-giao-nhanh-toan-quoc                ",PASS,Đã được gửi và lập chỉ mục,2026-05-22T16:54:07Z
https://thanhthaimotor.com/may-bom-nuoc/may-bom-nuoc-day-cao-lepono-xksm130,PASS,Đã được gửi và lập chỉ mục,2026-06-05T08:11:41Z
https://thanhthaimotor.com/en/electric-motors/1-phase-electric-motor-0-55kw-0-75hp,NEUTRAL,Đã thu thập dữ liệu – hiện chưa được lập chỉ mục,2026-04-23T11:12:43Z
https://thanhthaimotor.com/en/variable-frequency-drives/fuji-variable-frequency-drive-37kw,PASS,Đã được gửi và lập chỉ mục,2026-05-29T15:23:46Z
https://thanhthaimotor.com/dong-co-dien/dong-co-dien-3-pha-110kw-150hp,PASS,Đã được gửi và lập chỉ mục,2026-06-01T17:03:28Z
https://thanhthaimotor.com/en/stepper-motors/mini-stepper-motor-1-2nm,NEUTRAL,Đã thu thập dữ liệu – hiện chưa được lập chỉ mục,2026-05-08T09:53:55Z
https://thanhthaimotor.com/kien-thuc-dien-co/tu-van-dong-co-dien/bang-gia-dong-co-dien-1-pha-tren-3-7kw-moi-nhat,PASS,Đã được gửi và lập chỉ mục,2026-03-30T07:25:37Z
https://thanhthaimotor.com/en/water-pumps/3-phase-water-pump-37kw-50hp,PASS,Đã được gửi và lập chỉ mục,2026-06-06T09:49:38Z
https://thanhthaimotor.com/en/gear-motors/wpda-250-15kw-20hp-gear-motor,PASS,Đã được gửi và lập chỉ mục,2026-05-31T09:10:12Z
https://thanhthaimotor.com/dong-co-giam-toc/motor-giam-toc-2-cap-udl-0-37kw-wpdo-60,PASS,Đã được gửi và lập chỉ mục,2026-06-06T06:22:22Z
https://thanhthaimotor.com/kien-thuc-dien-co/tu-van-dong-co-dien/cach-giam-toc-do-motor-3-pha,PASS,Đã được gửi và lập chỉ mục,2026-06-05T02:37:45Z
https://thanhthaimotor.com/kien-thuc-dien-co/tu-van-bien-tan/huong-dan-cach-chon-bien-tro-cho-bien-tan-chi-tiet-va-hieu-qua,PASS,Đã được gửi và lập chỉ mục,2026-05-31T12:25:17Z
https://thanhthaimotor.com/en/couplings/65mm-shaft-coupling,NEUTRAL,Đã thu thập dữ liệu – hiện chưa được lập chỉ mục,2026-05-22T14:48:43Z
"
                    https://thanhthaimotor.com/video/dong-co-giam-toc/video-review-motor-giam-toc-3-cap-2-udl-0-37kw-va-1-wpds-60                ",NEUTRAL,Đã phát hiện thấy – hiện chưa được lập chỉ mục,N/A
https://thanhthaimotor.com/kien-thuc-dien-co/tu-van-may-bom-nuoc/cach-giam-ap-may-bom-tang-ap-an-toan-tranh-vo-duong-ong,PASS,Đã được gửi và lập chỉ mục,2026-05-21T09:09:23Z
https://thanhthaimotor.com/dong-co-giam-toc/motor-giam-toc-3-pha-0-75kw-1hp,PASS,Đã được gửi và lập chỉ mục,2026-06-06T16:04:18Z
https://thanhthaimotor.com/en/water-pumps/close-coupled-vacuum-pump-4-0kw-5-5hp,PASS,Đã được gửi và lập chỉ mục,2026-06-06T00:52:04Z
https://thanhthaimotor.com/dong-co-giam-toc/motor-giam-toc-wpds-70-0-75kw-1hp,PASS,Đã được gửi và lập chỉ mục,2026-06-01T03:30:51Z
https://thanhthaimotor.com/kien-thuc-dien-co/tu-van-dong-co-dien/huong-dan-tinh-toan-bang-tai,PASS,Đã được gửi và lập chỉ mục,2026-06-07T23:42:33Z
https://thanhthaimotor.com/kien-thuc-dien-co/tu-van-hop-giam-toc/hop-giam-toc-banh-rang-hanh-tinh,PASS,Đã được gửi và lập chỉ mục,2026-06-05T23:19:24Z
"
                    https://thanhthaimotor.com/video/dong-co-giam-toc/video-review-motor-giam-toc-wpds-155-7-5kw-10hp                ",NEUTRAL,Đã phát hiện thấy – hiện chưa được lập chỉ mục,N/A
https://thanhthaimotor.com/hop-giam-toc/hop-giam-toc-2-cap-nmrv-75-130,PASS,Đã được gửi và lập chỉ mục,2026-05-19T04:11:51Z
https://thanhthaimotor.com/kien-thuc-dien-co/tu-van-bien-tan/top-7-bien-tan-tai-nang-ban-chay-tai-thanh-thai-motor,PASS,Đã được gửi và lập chỉ mục,2026-06-01T17:59:34Z
"
                    https://thanhthaimotor.com/video/dong-co-dien/video-review-dong-co-dien-co-phanh-2-2kw-3hp                ",PASS,Đã được gửi và lập chỉ mục,2026-06-08T06:41:28Z
https://thanhthaimotor.com/kien-thuc-dien-co/tu-van-dong-co-buoc/driver-dong-co-buoc-la-gi-nguyen-ly-cau-tao-va-ung-dung-thuc-te,PASS,Đã được gửi và lập chỉ mục,2026-06-06T18:12:49Z
https://thanhthaimotor.com/puly/puly-truc-110mm,PASS,Đã được gửi và lập chỉ mục,2026-06-06T06:32:54Z
https://thanhthaimotor.com/en/gear-motors/wps-80-gear-motor-1-5kw-2hp,NEUTRAL,Đã thu thập dữ liệu – hiện chưa được lập chỉ mục,2026-04-29T10:41:23Z
https://thanhthaimotor.com/hop-giam-toc-truc-vit-banh-vit-2-cap-2,NEUTRAL,Đã thu thập dữ liệu – hiện chưa được lập chỉ mục,2026-05-07T18:09:57Z
https://thanhthaimotor.com/kien-thuc-dien-co/tu-van-quat-thoi-khi/may-thoi-khi-va-quat-thoi-khi,PASS,Đã được gửi và lập chỉ mục,2026-05-26T03:45:00Z
https://thanhthaimotor.com/hop-giam-toc-cycloid-1-cap,PASS,Đã được gửi và lập chỉ mục,2026-06-10T03:12:41Z
https://thanhthaimotor.com/kien-thuc-dien-co/tu-van-bien-tan/huong-dan-xu-ly-nhanh-cac-ma-loi-bien-tan-kcly-thuong-gap,PASS,Đã được gửi và lập chỉ mục,2026-06-01T09:51:09Z
https://thanhthaimotor.com/kien-thuc-dien-co/tu-van-may-bom-nuoc/bang-gia-may-bom-nuoc-hoa-tien-duoi-3-7kw-moi-nhat,PASS,Đã được gửi và lập chỉ mục,2026-05-11T18:12:54Z
https://thanhthaimotor.com/quat-thoi-khi/motor-quat-thoi-37kw-50hp,PASS,Đã được gửi và lập chỉ mục,2026-06-09T19:46:15Z
https://thanhthaimotor.com/en/gear-motors/2-stage-nmrv-gear-motor-75-150,PASS,Đã được gửi và lập chỉ mục,2026-06-08T06:16:36Z
"
                    https://thanhthaimotor.com/video/hop-giam-toc/video-review-hop-giam-toc-3-cap-2-udl-0-37kw-va-1-nmrv-50                ",PASS,Đã được gửi và lập chỉ mục,2026-06-08T02:29:58Z
https://thanhthaimotor.com/en/gear-motors/heavy-duty-cycloid-gear-motor-18-5kw-25hp,PASS,Đã được gửi và lập chỉ mục,2026-06-07T10:51:28Z
https://thanhthaimotor.com/kien-thuc-dien-co/tu-van-may-bom-nuoc/may-bom-nuoc-bien-tan-giai-phap-toi-uu-cho-hieu-suat-va-tiet-kiem-nang-luong,NEUTRAL,Đã phát hiện thấy – hiện chưa được lập chỉ mục,N/A
https://thanhthaimotor.com/kien-thuc-dien-co/tu-van-dong-co-buoc/huong-dan-dieu-khien-dong-co-buoc-dung-pic16f877a-chi-tiet-nhat,PASS,Đã được gửi và lập chỉ mục,2026-06-08T09:54:02Z
"
                    https://thanhthaimotor.com/video/dong-co-giam-toc/video-review-motor-giam-toc-wpx-80-1-1kw-1-5hp                ",PASS,Đã được gửi và lập chỉ mục,2026-06-01T11:17:09Z
https://thanhthaimotor.com/en/gear-motors/heavy-duty-cycloidal-gear-motor-11kw-15hp,PASS,Đã được gửi và lập chỉ mục,2026-06-07T12:48:55Z
https://thanhthaimotor.com/kien-thuc-dien-co/tu-van-hop-giam-toc/cach-dau-hop-giam-toc-truc-vit-banh-vit-vao-motor-dien-3-pha,NEUTRAL,Đã thu thập dữ liệu – hiện chưa được lập chỉ mục,2026-05-31T14:47:20Z
https://thanhthaimotor.com/kien-thuc-dien-co/tu-van-may-bom-nuoc/cach-sua-may-bom-tang-ap-chay-lien-tuc-giai-phap-hieu-qua-tu-a-z,NEUTRAL,Đã thu thập dữ liệu – hiện chưa được lập chỉ mục,2026-06-08T18:30:17Z
https://thanhthaimotor.com/kien-thuc-dien-co/tu-van-dong-co-giam-toc/bao-gia-dong-co-giam-toc-nmrv-tren-3-7kw-moi-nhat,PASS,Đã được gửi và lập chỉ mục,2026-05-10T04:11:16Z
https://thanhthaimotor.com/dong-co-giam-toc-tai-nang-3-pha,PASS,Đã được gửi và lập chỉ mục,2026-06-10T00:43:08Z
https://thanhthaimotor.com/dong-co-giam-toc-tai-nang-phanh-tu-thang-tu-3-pha,PASS,Đã được gửi và lập chỉ mục,2026-05-08T09:50:33Z
https://thanhthaimotor.com/en/gear-motors/heavy-duty-r-series-inline-helical-gear-motor-30kw-40hp,PASS,Đã được gửi và lập chỉ mục,2026-06-08T09:58:16Z
https://thanhthaimotor.com/en/water-pumps/teco-water-pump-11kw-15hp,PASS,Đã được gửi và lập chỉ mục,2026-05-26T18:00:46Z
https://thanhthaimotor.com/kien-thuc-dien-co/tu-van-bien-tan/cach-cai-dat-bien-tan-vicruns-chi-tiet-de-dang-cho-nguoi-moi,PASS,Đã được gửi và lập chỉ mục,2026-06-08T11:28:32Z
https://thanhthaimotor.com/hop-giam-toc/hop-giam-toc-3-cap-2-udl-1-5kw-va-1-cycloid-x3,PASS,Đã được gửi và lập chỉ mục,2026-06-07T23:08:33Z
https://thanhthaimotor.com/en/electric-motors/brake-motor-37kw-50hp,PASS,Đã được gửi và lập chỉ mục,2026-06-01T07:24:17Z
https://thanhthaimotor.com/kien-thuc-dien-co/tu-van-hop-giam-toc/nen-chon-hop-giam-toc-nmrv-nhom-hay-gang-de-dat-hieu-suat-cao,PASS,Đã được gửi và lập chỉ mục,2026-05-30T15:30:46Z
https://thanhthaimotor.com/kien-thuc-dien-co/tu-van-khop-noi/quy-trinh-kiem-tra-khop-noi-xich-va-ky-thuat-bao-tri-dinh-ky,NEUTRAL,Đã phát hiện thấy – hiện chưa được lập chỉ mục,N/A
https://thanhthaimotor.com/khop-noi/khop-noi-xich-kc8018,PASS,Đã được gửi và lập chỉ mục,2026-05-29T07:15:30Z
https://thanhthaimotor.com/kien-thuc-dien-co/tu-van-dong-co-dien/meo-khac-phuc-su-co-voi-dong-co-phong-no,PASS,Đã được gửi và lập chỉ mục,2026-06-07T14:54:55Z
https://thanhthaimotor.com/kien-thuc-dien-co/tu-van-bien-tan/huong-dan-nhan-biet-va-khac-phuc-ma-loi-bien-tan-teco-hieu-qua,PASS,Đã được gửi và lập chỉ mục,2026-06-07T09:46:37Z
https://thanhthaimotor.com/dong-co-dien/dong-co-dien-1-pha-5-5kw-7-5hp,PASS,Đã được gửi và lập chỉ mục,2026-06-09T14:27:45Z
https://thanhthaimotor.com/en/centrifugal-pumps-over-3-7kw,PASS,Đã được gửi và lập chỉ mục,2026-06-01T01:48:49Z
https://thanhthaimotor.com/kien-thuc-dien-co/tu-van-bien-tan/bang-gia-bien-tan-fuji-tren-10kw-moi-nhat,PASS,Đã được gửi và lập chỉ mục,2026-05-05T10:29:46Z
https://thanhthaimotor.com/dong-co-giam-toc/motor-giam-toc-wps-250-15kw-20hp,PASS,Đã được gửi và lập chỉ mục,2026-04-17T21:19:45Z
https://thanhthaimotor.com/dong-co-dien/dong-co-dien-co-phanh-0-25kw-0-34hp,PASS,Đã được gửi và lập chỉ mục,2026-05-29T18:32:20Z
https://thanhthaimotor.com/kien-thuc-dien-co/tu-van-may-bom-nuoc/bao-gia-may-bom-nuoc-teco-duoi-3-7kw-moi-nhat,PASS,Đã được gửi và lập chỉ mục,2026-05-27T00:34:10Z
https://thanhthaimotor.com/puly-duoi-50mm,PASS,Đã được gửi và lập chỉ mục,2026-05-31T22:04:03Z
https://thanhthaimotor.com/dong-co-dien/dong-co-phong-no-37kw-50hp,PASS,Đã được gửi và lập chỉ mục,2026-06-07T23:54:10Z
https://thanhthaimotor.com/kien-thuc-dien-co/tu-van-may-bom-nuoc,PASS,Đã được gửi và lập chỉ mục,2026-05-26T04:09:16Z
https://thanhthaimotor.com/dong-co-giam-toc/motor-giam-toc-wpdx-135-4kw-5-5hp,PASS,Đã được gửi và lập chỉ mục,2026-05-28T14:58:14Z
https://thanhthaimotor.com/en/vibratory-equipment/vibratory-equipment-1-57kw,NEUTRAL,Đã thu thập dữ liệu – hiện chưa được lập chỉ mục,2026-04-28T00:24:01Z
https://thanhthaimotor.com/en/gearboxes/zq-500-gearbox,NEUTRAL,Đã thu thập dữ liệu – hiện chưa được lập chỉ mục,2026-04-11T11:22:18Z
https://thanhthaimotor.com/kien-thuc-dien-co/tu-van-dong-co-giam-toc/bang-gia-dong-co-giam-toc-1-pha-tu-1-1kw-den-3-7kw-moi-nhat,PASS,Đã được gửi và lập chỉ mục,2026-05-10T12:09:57Z
https://thanhthaimotor.com/en/mechanical-speed-variators,PASS,Đã được gửi và lập chỉ mục,2026-05-24T20:58:54Z
https://thanhthaimotor.com/kien-thuc-dien-co/tu-van-dong-co-buoc/tinh-cong-suat-cua-dong-co-buoc,PASS,Đã được gửi và lập chỉ mục,2026-06-05T19:06:03Z
"
                    https://thanhthaimotor.com/video/thang-tu/video-review-thang-tu-4kw-5-5hp                ",PASS,Đã được gửi và lập chỉ mục,2026-06-08T00:38:05Z
https://thanhthaimotor.com/kien-thuc-dien-co/tu-van-dong-co-dien/dong-co-bien-tan-dc-la-gi-tim-hieu-cau-tao-va-nguyen-ly-hoat-dong,PASS,Đã được gửi và lập chỉ mục,2026-06-08T09:55:02Z
"
                    https://thanhthaimotor.com/video/dong-co-giam-toc/video-review-motor-giam-toc-wpo-50-0-18kw-0-25hp                ",PASS,Đã được gửi và lập chỉ mục,2026-06-08T02:18:22Z
https://thanhthaimotor.com/video/motor-rung-dam-rung,PASS,Đã được gửi và lập chỉ mục,2026-05-08T10:21:10Z
https://thanhthaimotor.com/hop-giam-toc/giam-toc-tai-nang-11kw-15hp,PASS,Đã được gửi và lập chỉ mục,2026-06-03T07:48:49Z
https://thanhthaimotor.com/hop-giam-toc-hop-tai-nang-vuong-goc-k-1-cap,PASS,Đã được gửi và lập chỉ mục,2026-05-31T21:29:54Z
https://thanhthaimotor.com/en/gear-motors/wpda-120-gear-motor-4kw-5-5hp,PASS,Đã được gửi và lập chỉ mục,2026-06-06T02:37:41Z
https://thanhthaimotor.com/kien-thuc-dien-co/tu-van-dong-co-dien/cach-chon-aptomat-an-toan-va-hieu-qua-cho-gia-dinh,PASS,Đã được gửi và lập chỉ mục,2026-05-28T00:41:58Z
https://thanhthaimotor.com/kien-thuc-dien-co/tu-van-dong-co-buoc/dong-co-buoc-luong-cuc-la-gi-cau-tao-ung-dung-va-cach-lua-chon,PASS,Đã được gửi và lập chỉ mục,2026-05-27T07:08:41Z
https://thanhthaimotor.com/dong-co-dien/dong-co-dien-3-pha-7-5kw-10hp,PASS,Đã được gửi và lập chỉ mục,2026-06-08T07:20:36Z
https://thanhthaimotor.com/kien-thuc-dien-co/tu-van-dong-co-giam-toc/cach-tinh-vong-quay-motor-giam-toc-don-gian,PASS,Đã được gửi và lập chỉ mục,2026-06-07T09:08:05Z
"
                    https://thanhthaimotor.com/video/dong-co-giam-toc/video-huong-dan-cach-kiem-tra-ti-so-truyen-1-200-thuc-te-cua-motor-giam-toc                ",PASS,Đã được gửi và lập chỉ mục,2026-06-08T00:20:38Z
https://thanhthaimotor.com/en/water-pumps/booster-pump-1-1kw-1-5hp,PASS,Đã được gửi và lập chỉ mục,2026-06-08T08:08:21Z
https://thanhthaimotor.com/en/pulleys-over-50mm,NEUTRAL,Đã thu thập dữ liệu – hiện chưa được lập chỉ mục,2026-04-29T01:52:21Z
https://thanhthaimotor.com/dong-co-giam-toc/motor-giam-toc-tai-nang-cycloid-4kw-5-5hp,PASS,Đã được gửi và lập chỉ mục,2026-05-28T18:18:47Z
https://thanhthaimotor.com/dong-co-dien/dong-co-dien-co-phanh-0-55kw-0-75hp,PASS,Đã được gửi và lập chỉ mục,2026-05-29T18:22:38Z
https://thanhthaimotor.com/kien-thuc-dien-co/tu-van-dong-co-dien/bang-gia-dong-co-bien-tan-3-pha-moi-nhat,PASS,Đã được gửi và lập chỉ mục,2026-06-09T11:58:04Z
https://thanhthaimotor.com/dong-co-giam-toc/motor-giam-toc-mini-750w,PASS,Đã được gửi và lập chỉ mục,2026-05-31T21:56:43Z
https://thanhthaimotor.com/dong-co-giam-toc/motor-giam-toc-wpdo-80-1-1kw-1-5hp,PASS,Đã được gửi và lập chỉ mục,2026-05-28T19:16:16Z
https://thanhthaimotor.com/dong-co-giam-toc/motor-giam-toc-2-cap-udl-2-2kw-wpdo-120,NEUTRAL,Đã thu thập dữ liệu – hiện chưa được lập chỉ mục,2026-04-02T14:17:27Z
"
                    https://thanhthaimotor.com/video/thang-tu/video-review-thang-tu-0-55kw-0-75hp                ",PASS,Đã được gửi và lập chỉ mục,2026-04-29T11:56:00Z
"
                    https://thanhthaimotor.com/video/may-bom-nuoc/video-review-may-bom-chim-3kw-4hp                ",PASS,Đã được gửi và lập chỉ mục,2026-06-08T06:16:16Z
https://thanhthaimotor.com/en/gear-motors/3-stage-gear-motor-2-udl-0-8kw-and-1-wpds-70,NEUTRAL,Đã thu thập dữ liệu – hiện chưa được lập chỉ mục,2026-04-11T01:55:05Z
https://thanhthaimotor.com/hop-giam-toc/hop-giam-toc-2-cap-udl-0-8kw-wpds-70,PASS,Đã được gửi và lập chỉ mục,2026-06-10T12:43:33Z
https://thanhthaimotor.com/en/gear-motors/wpdo-155-5-5kw-7-5hp-gear-motor,PASS,Đã được gửi và lập chỉ mục,2026-06-06T15:46:24Z
"
                    https://thanhthaimotor.com/video/dong-co-giam-toc/video-review-motor-giam-toc-wpds-120-3kw-4hp                ",PASS,Đã được gửi và lập chỉ mục,2026-05-31T20:36:09Z
https://thanhthaimotor.com/kien-thuc-dien-co/tu-van-may-bom-nuoc/bom-ly-tam-da-tang-canh-giai-phap-uu-viet-cho-ap-luc-cao,NEUTRAL,Google không xác định được URL,N/A
https://thanhthaimotor.com/kien-thuc-dien-co/tu-van-may-bom-nuoc/may-bom-nuoc-cong-suat-200m3-h-ben-bi-hieu-suat-cao,PASS,Đã được gửi và lập chỉ mục,2026-06-08T00:10:36Z
https://thanhthaimotor.com/hop-giam-toc/hop-giam-toc-tai-nang-truc-vuong-goc-s-22kw,PASS,Đã được gửi và lập chỉ mục,2026-06-01T15:40:29Z
https://thanhthaimotor.com/en/electromagnetic-brakes/electromagnetic-brake-15kw-20hp,NEUTRAL,Đã thu thập dữ liệu – hiện chưa được lập chỉ mục,2026-04-22T08:14:29Z
https://thanhthaimotor.com/kien-thuc-dien-co/tu-van-hop-giam-toc/huong-dan-lua-chon-hop-giam-toc-nmrv-theo-cong-suat-motor-chuan,PASS,Đã được gửi và lập chỉ mục,2026-06-08T06:14:20Z
https://thanhthaimotor.com/kien-thuc-dien-co/tu-van-may-bom-nuoc/may-bom-chim-hoat-dong-lien-tuc-co-sao-khong-cach-toi-uu-hieu-qua,PASS,Đã được gửi và lập chỉ mục,2026-06-08T09:53:52Z
https://thanhthaimotor.com/en/3-phase-gear-motors,NEUTRAL,Đã thu thập dữ liệu – hiện chưa được lập chỉ mục,2026-04-06T06:23:47Z
https://thanhthaimotor.com/may-bom-nuoc-bom-hut-chan-khong-duoi-50m3-h,PASS,Đã được gửi và lập chỉ mục,2026-06-08T08:40:27Z
https://thanhthaimotor.com/en/centrifugal-fans,PASS,Đã được gửi và lập chỉ mục,2026-05-07T03:32:23Z
https://thanhthaimotor.com/en/gear-motors/nmrv-63-gear-motor-0-55kw-0-75hp,NEUTRAL,Đã thu thập dữ liệu – hiện chưa được lập chỉ mục,2026-04-24T12:46:57Z
https://thanhthaimotor.com/en/gear-motors/udl-variable-speed-2-stage-cycloid-x4-gear-motor-2-2kw,PASS,Đã được gửi và lập chỉ mục,2026-06-09T09:52:50Z
https://thanhthaimotor.com/kien-thuc-dien-co/tu-van-hop-giam-toc/giai-phap-hieu-qua-khac-phuc-tieng-on-zq-cho-hop-giam-toc-cong-nghiep,PASS,Đã được gửi và lập chỉ mục,2026-06-01T10:48:15Z
https://thanhthaimotor.com/dong-co-giam-toc/motor-giam-toc-tai-nang-cycloid-15kw-20hp,PASS,Đã được gửi và lập chỉ mục,2026-06-02T00:03:21Z
https://thanhthaimotor.com/kien-thuc-dien-co/tu-van-dong-co-dien/mach-dieu-khien-dong-co-khong-choi-than-giai-phap-hieu-suat-toi-uu,PASS,Đã được gửi và lập chỉ mục,2026-05-31T12:54:25Z
https://thanhthaimotor.com/kien-thuc-dien-co/tu-van-dong-co-buoc/so-do-khoi-mach-dieu-khien-dong-co-buoc-luong-cuc,PASS,Đã được gửi và lập chỉ mục,2026-05-31T19:59:59Z
https://thanhthaimotor.com/kien-thuc-dien-co/tu-van-may-bom-nuoc/bang-gia-may-bom-chim-3-pha-moi-nhat,PASS,Đã được gửi và lập chỉ mục,2026-06-07T11:38:33Z
https://thanhthaimotor.com/dong-co-giam-toc/motor-giam-toc-wpds-120-4kw-5-5hp,PASS,Đã được gửi và lập chỉ mục,2026-06-01T15:32:10Z
https://thanhthaimotor.com/en/couplings/110mm-shaft-coupling,PASS,Đã được gửi và lập chỉ mục,2026-06-04T16:07:00Z
"
                    https://thanhthaimotor.com/video/dong-co-giam-toc/video-review-motor-giam-toc-wpdx-100-1-5kw-2hp                ",PASS,Đã được gửi và lập chỉ mục,2026-06-08T04:10:57Z
"
                    https://thanhthaimotor.com/video/hop-giam-toc/video-review-hop-giam-toc-truc-vit-wpda-100                ",PASS,Đã được gửi và lập chỉ mục,2026-05-08T22:55:08Z
https://thanhthaimotor.com/en/blog/stepper-motor-consultations,PASS,Đã được gửi và lập chỉ mục,2026-06-09T03:04:05Z
https://thanhthaimotor.com/dong-co-giam-toc/motor-giam-toc-tai-nang-truc-thang-r-30kw-40hp,PASS,Đã được gửi và lập chỉ mục,2026-05-31T15:47:20Z
https://thanhthaimotor.com/hop-giam-toc/hop-giam-toc-truc-vit-wpdks-40,PASS,Đã được gửi và lập chỉ mục,2026-05-31T19:24:54Z
https://thanhthaimotor.com/en/gear-motors/wpx-250-gear-motor-15kw-20hp,PASS,Đã được gửi và lập chỉ mục,2026-06-09T05:51:12Z
"
                    https://thanhthaimotor.com/video/dong-co-giam-toc/video-review-motor-giam-toc-2-cap-nmrv-40-75                ",PASS,Đã được gửi và lập chỉ mục,2026-05-05T10:25:55Z
https://thanhthaimotor.com/en/gearboxes/wpda-175-worm-gearbox,PASS,Đã được gửi và lập chỉ mục,2026-05-31T02:02:19Z
https://thanhthaimotor.com/en/centrifugal-fan-bearings-above-10kw,PASS,Đã được gửi và lập chỉ mục,2026-05-08T22:19:06Z
https://thanhthaimotor.com/kien-thuc-dien-co/tu-van-hop-giam-toc/hop-giam-toc-eed-la-gi-gioi-thieu-va-ung-dung-hop-giam-toc,NEUTRAL,Đã phát hiện thấy – hiện chưa được lập chỉ mục,N/A
https://thanhthaimotor.com/en/variable-frequency-drives/abb-variable-frequency-drive-1-5kw,PASS,Đã được gửi và lập chỉ mục,2026-06-09T18:11:09Z
"
                    https://thanhthaimotor.com/video/motor-rung-dam-rung/video-review-dong-co-rung-dam-rung-2-4kw                ",PASS,Đã được gửi và lập chỉ mục,2026-06-08T07:42:24Z
https://thanhthaimotor.com/kien-thuc-dien-co/tu-van-may-bom-nuoc/ro-le-may-bom-tang-ap-mini-phan-loai-va-cach-dieu-chinh,NEUTRAL,Đã thu thập dữ liệu – hiện chưa được lập chỉ mục,2026-05-08T01:37:04Z
https://thanhthaimotor.com/dong-co-giam-toc/motor-giam-toc-2-cap-nmrv-75-150,PASS,Đã được gửi và lập chỉ mục,2026-06-06T06:27:47Z
https://thanhthaimotor.com/gioi-thieu,PASS,Đã được gửi và lập chỉ mục,2026-06-07T23:49:54Z
https://thanhthaimotor.com/kien-thuc-dien-co/tu-van-may-bom-nuoc/may-bom-nuoc-hut-sau-giai-phap-toi-uu-cho-nguon-nuoc-hieu-qua,PASS,Đã được gửi và lập chỉ mục,2026-05-28T07:03:34Z
https://thanhthaimotor.com/kien-thuc-dien-co/tu-van-may-bom-nuoc/bao-ve-may-bom-nuoc-hieu-qua-voi-ro-le-chong-can-cho-may-bom-nuoc,NEUTRAL,Đã phát hiện thấy – hiện chưa được lập chỉ mục,N/A
https://thanhthaimotor.com/dong-co-giam-toc/motor-giam-toc-2-cap-nmrv-40-75,PASS,Đã được gửi và lập chỉ mục,2026-06-04T23:19:37Z
https://thanhthaimotor.com/kien-thuc-dien-co/tu-van-hop-giam-toc/bang-gia-hop-giam-toc-tai-nang-truc-vuong-goc-s-1-cap-moi-nhat,PASS,Đã được gửi và lập chỉ mục,2026-06-08T02:21:35Z
"
                    https://thanhthaimotor.com/video/hop-giam-toc/video-review-hop-giam-toc-3-cap-2-udl-1-5kw-va-1-nmrv-75                ",NEUTRAL,Đã phát hiện thấy – hiện chưa được lập chỉ mục,N/A
https://thanhthaimotor.com/dong-co-dien-bom-dau-thuy-luc-tren-3-7kw,PASS,Đã được gửi và lập chỉ mục,2026-06-08T21:33:17Z
https://thanhthaimotor.com/hop-giam-toc/hop-giam-toc-truc-vit-wpdks-200,PASS,Đã được gửi và lập chỉ mục,2026-06-07T12:13:49Z
https://thanhthaimotor.com/dong-co-dien/dong-co-phong-no-4kw-5-5hp,PASS,Đã được gửi và lập chỉ mục,2026-06-01T16:03:32Z
https://thanhthaimotor.com/hop-giam-toc/hop-giam-toc-truc-vit-wpdx-100,PASS,Đã được gửi và lập chỉ mục,2026-06-08T06:10:09Z
https://thanhthaimotor.com/hop-giam-toc/hop-so-giam-toc-zq-750,PASS,Đã được gửi và lập chỉ mục,2026-06-08T22:27:21Z
https://thanhthaimotor.com/hop-giam-toc/hop-giam-toc-tai-nang-truc-vuong-goc-s-4-0kw,PASS,Đã được gửi và lập chỉ mục,2026-06-03T20:29:12Z
https://thanhthaimotor.com/kien-thuc-dien-co/tu-van-dong-co-dien/vi-sao-tu-de-co-lop-bao-ve-chong-no-con-tu-ngam-thi-khong,NEUTRAL,Đã thu thập dữ liệu – hiện chưa được lập chỉ mục,2026-05-05T12:18:22Z
https://thanhthaimotor.com/kien-thuc-dien-co/tu-van-khop-noi/kham-pha-cach-tinh-toan-cho-khop-noi-xich-mo-men-xoan-la-gi,NEUTRAL,Đã thu thập dữ liệu – hiện chưa được lập chỉ mục,2026-06-09T00:33:52Z
https://thanhthaimotor.com/kien-thuc-dien-co/tu-van-thang-tu/phanh-dong-co,PASS,Đã được gửi và lập chỉ mục,2026-06-01T15:31:52Z
https://thanhthaimotor.com/en/gearboxes/2-stage-nmrv-gearbox-40-50,PASS,Đã được gửi và lập chỉ mục,2026-06-01T22:24:31Z
https://thanhthaimotor.com/en/water-pumps/booster-pump-0-55kw-0-75hp,PASS,Đã được gửi và lập chỉ mục,2026-06-01T02:09:39Z
https://thanhthaimotor.com/kien-thuc-dien-co/tu-van-dong-co-buoc/huong-dan-cai-dat-driver-step-motor-chuan-ky-thuat-de-thuc-hien,PASS,Đã được gửi và lập chỉ mục,2026-06-09T04:23:49Z
https://thanhthaimotor.com/kien-thuc-dien-co/tu-van-dong-co-dien/cach-tang-tuoi-tho-cho-dong-co-dien,PASS,Đã được gửi và lập chỉ mục,2026-06-08T10:00:34Z
https://thanhthaimotor.com/en/gearboxes/wpds-60-worm-gearbox,NEUTRAL,Đã thu thập dữ liệu – hiện chưa được lập chỉ mục,2026-04-09T03:21:45Z
https://thanhthaimotor.com/kien-thuc-dien-co/tu-van-dong-co-giam-toc/cach-kiem-tra-ti-so-truyen-1-50-thuc-te-cua-motor-giam-toc,PASS,Đã được gửi và lập chỉ mục,2026-05-24T22:51:43Z
https://thanhthaimotor.com/en/centrifugal-fan-bearings-under-10kw,NEUTRAL,Đã thu thập dữ liệu – hiện chưa được lập chỉ mục,2026-06-07T02:58:35Z
https://thanhthaimotor.com/hop-giam-toc/hop-giam-toc-2-cap-udl-1-5kw-wpds-80,PASS,Đã được gửi và lập chỉ mục,2026-06-06T06:53:53Z
"
                    https://thanhthaimotor.com/video/hop-giam-toc/video-review-hop-giam-toc-tai-nang-truc-thang-r-4-0kw-5-5hp                ",PASS,Đã được gửi và lập chỉ mục,2026-06-09T13:07:10Z
https://thanhthaimotor.com/en/gear-motors/2-stage-nmrv-50-110-gear-motor,PASS,Đã được gửi và lập chỉ mục,2026-06-06T01:28:08Z
"
                    https://thanhthaimotor.com/video/dong-co-giam-toc/video-review-motor-giam-toc-wpa-100-1-1kw-1-5hp                ",NEUTRAL,Đã phát hiện thấy – hiện chưa được lập chỉ mục,N/A
https://thanhthaimotor.com/dong-co-dien/dong-co-dien-co-phanh-22kw-30hp,PASS,Đã được gửi và lập chỉ mục,2026-06-07T12:35:57Z
https://thanhthaimotor.com/video/hop-giam-toc-dieu-toc-co,PASS,Đã được gửi và lập chỉ mục,2026-06-01T05:35:01Z
https://thanhthaimotor.com/dong-co-giam-toc/motor-giam-toc-wpda-100-1-5kw-2hp,PASS,Đã được gửi và lập chỉ mục,2026-06-08T09:47:46Z
https://thanhthaimotor.com/kien-thuc-dien-co/tu-van-may-bom-nuoc/may-bom-tang-ap-co-day-cao-duoc-khong,PASS,Đã được gửi và lập chỉ mục,2026-06-07T23:26:51Z
"
                    https://thanhthaimotor.com/video/quat-thoi-khi/video-review-motor-quat-thoi-0-75kw-1hp                ",PASS,Đã được gửi và lập chỉ mục,2026-06-06T04:03:04Z
"
                    https://thanhthaimotor.com/video/dong-co-dien/video-review-dong-co-dien-3-pha-0-75kw-1hp                ",PASS,Đã được gửi và lập chỉ mục,2026-05-26T13:59:24Z
https://thanhthaimotor.com/kien-thuc-dien-co/tu-van-may-bom-nuoc/bang-gia-may-bom-nuoc-hoa-tien-duoi-50m3-h-moi-nhat,NEUTRAL,Đã thu thập dữ liệu – hiện chưa được lập chỉ mục,2026-05-18T21:35:05Z
"
                    https://thanhthaimotor.com/video/hop-giam-toc/video-review-hop-giam-toc-truc-vit-wpdx-120                ",PASS,Đã được gửi và lập chỉ mục,2026-06-01T21:29:16Z
https://thanhthaimotor.com/khop-noi/khop-noi-xich-kc10020,PASS,Đã được gửi và lập chỉ mục,2026-06-05T15:42:42Z
https://thanhthaimotor.com/kien-thuc-dien-co/nhap-kho-motor-dien-va-sieu-pham-r177-cuoi-nam-tai-thanh-thai-motor,PASS,Đã được gửi và lập chỉ mục,2026-06-01T02:34:52Z
https://thanhthaimotor.com/dong-co-giam-toc/motor-giam-toc-tai-nang-truc-song-song-f-45kw-60hp,PASS,Đã được gửi và lập chỉ mục,2026-04-14T20:32:35Z
https://thanhthaimotor.com/en/blog/air-blower-consulting-services/comparing-axial-fans-and-centrifugal-fans-which-type-of-fan-should-you-use,PASS,Đã được gửi và lập chỉ mục,2026-06-08T11:06:23Z
https://thanhthaimotor.com/hop-giam-toc/hop-giam-toc-3-cap-2-udl-0-8kw-va-1-nmrv-63,PASS,Đã được gửi và lập chỉ mục,2026-06-09T18:09:47Z
https://thanhthaimotor.com/video/dong-co-giam-toc,PASS,Đã được gửi và lập chỉ mục,2026-05-08T00:08:56Z
https://thanhthaimotor.com/hop-giam-toc/hop-giam-toc-tai-nang-truc-song-song-f-18-5kw,PASS,Đã được gửi và lập chỉ mục,2026-06-03T17:49:34Z
https://thanhthaimotor.com/kien-thuc-dien-co/tu-van-dong-co-buoc/huong-dan-doc-ban-ve-dong-co-buoc-va-so-do-dieu-khien-day-du,PASS,Đã được gửi và lập chỉ mục,2026-06-08T02:30:42Z
https://thanhthaimotor.com/dong-co-giam-toc/motor-giam-toc-1-pha-0-75kw-1hp,ERROR,Internal error encountered.,N/A
https://thanhthaimotor.com/kien-thuc-dien-co/tu-van-dong-co-giam-toc/cach-kiem-tra-ti-so-truyen-1-20-thuc-te-cua-motor-giam-toc,PASS,Đã được gửi và lập chỉ mục,2026-06-01T10:36:47Z
https://thanhthaimotor.com/may-bom-nuoc/may-bom-nuoc-teco-22kw-30hp,PASS,Đã được gửi và lập chỉ mục,2026-06-01T08:41:39Z
"
                    https://thanhthaimotor.com/video/quat-thoi-khi/video-bao-gia-quat-thoi-khi-thang-06-2026                ",PASS,Đã được gửi và lập chỉ mục,2026-05-30T17:25:46Z
https://thanhthaimotor.com/may-bom-nuoc/may-bom-hoa-tien-1-5kw-2hp,PASS,Đã được gửi và lập chỉ mục,2026-06-08T04:50:13Z
https://thanhthaimotor.com/dong-co-giam-toc/motor-giam-toc-wpdx-200-11kw-15hp,PASS,Đã được gửi và lập chỉ mục,2026-06-08T16:21:12Z
https://thanhthaimotor.com/kien-thuc-dien-co/tu-van-bien-tan/bien-tan-cho-motor-3-pha-huong-dan-chon-va-ung-dung-hieu-qua,PASS,Đã được gửi và lập chỉ mục,2026-06-01T14:42:49Z
https://thanhthaimotor.com/hop-giam-toc/hop-giam-toc-nmrv-90,PASS,Đã được gửi và lập chỉ mục,2026-06-06T15:02:07Z
"
                    https://thanhthaimotor.com/video/may-bom-nuoc/video-review-may-bom-hoa-tien-7-5kw-10hp                ",PASS,Đã được gửi và lập chỉ mục,2026-06-08T08:37:56Z
https://thanhthaimotor.com/kien-thuc-dien-co/tu-van-dong-co-dien/nhap-kho-2-container-dong-co-dien-hop-giam-toc-tai-nang-va-goi-do-quat-ly-tam,NEUTRAL,Đã thu thập dữ liệu – hiện chưa được lập chỉ mục,2026-05-18T17:50:19Z
https://thanhthaimotor.com/en/gearboxes/udl-2-stage-cycloidal-gearbox-x4-2-2kw,PASS,Đã được gửi và lập chỉ mục,2026-06-11T06:32:07Z
https://thanhthaimotor.com/kien-thuc-dien-co/tu-van-dong-co-giam-toc/dong-co-giam-toc-co-thang-3-pha-la-gi-uu-diem-cau-tao-va-ung-dung-chi-tiet,PASS,Đã được gửi và lập chỉ mục,2026-05-28T15:39:32Z
https://thanhthaimotor.com/kien-thuc-dien-co/tu-van-bien-tan/huong-dan-chi-tiet-cach-cai-dat-bien-tan-toshiba-dung-chuan-ky-thuat,PASS,Đã được gửi và lập chỉ mục,2026-06-08T09:53:45Z
https://thanhthaimotor.com/hop-giam-toc/hop-giam-toc-3-cap-2-udl-2-2kw-va-1-wpdx-120,PASS,Đã được gửi và lập chỉ mục,2026-06-09T18:05:52Z
https://thanhthaimotor.com/en/gearboxes/2-stage-nmrv-50-75-gearbox,PASS,Đã được gửi và lập chỉ mục,2026-06-02T23:38:41Z
https://thanhthaimotor.com/en/variable-frequency-drives/siemens-variable-frequency-drive-18kw,NEUTRAL,Đã thu thập dữ liệu – hiện chưa được lập chỉ mục,2026-04-28T09:11:52Z
https://thanhthaimotor.com/en/1-stage-mechanical-speed-variators,NEUTRAL,Đã thu thập dữ liệu – hiện chưa được lập chỉ mục,2026-06-08T06:21:39Z
https://thanhthaimotor.com/en/submersible-pumps-under-3-7kw,PASS,Đã được gửi và lập chỉ mục,2026-05-20T14:09:17Z
"
                    https://thanhthaimotor.com/video/may-bom-nuoc/video-review-may-bom-hoa-tien-1-5kw-2hp                ",PASS,Đã được gửi và lập chỉ mục,2026-06-08T08:40:07Z
https://thanhthaimotor.com/en/gearboxes/worm-gearbox-wpdks-200,PASS,Đã được gửi và lập chỉ mục,2026-06-09T20:42:23Z
https://thanhthaimotor.com/kien-thuc-dien-co/tu-van-bien-tan/cac-dong-bien-tan-mitsubishi-10-tong-hop-va-cach-chon-lua,PASS,Đã được gửi và lập chỉ mục,2026-06-05T19:20:56Z
https://thanhthaimotor.com/kien-thuc-dien-co/tu-van-bien-tan/4-loai-bien-tan-dien-mat-troi-pho-bien-nhat,PASS,Đã được gửi và lập chỉ mục,2026-06-08T10:01:05Z
https://thanhthaimotor.com/hop-giam-toc-2-cap,PASS,Đã được gửi và lập chỉ mục,2026-06-07T19:39:15Z
https://thanhthaimotor.com/thang-tu/thang-tu-3kw-4hp,PASS,Đã được gửi và lập chỉ mục,2026-06-07T11:47:21Z
https://thanhthaimotor.com/bien-tan/bien-tan-invt-22kw,PASS,Đã được gửi và lập chỉ mục,2026-06-09T06:52:19Z
https://thanhthaimotor.com/dong-co-buoc/dong-co-buoc-size-57,NEUTRAL,Đã thu thập dữ liệu – hiện chưa được lập chỉ mục,2026-05-07T23:52:58Z
https://thanhthaimotor.com/kien-thuc-dien-co/tu-van-dong-co-giam-toc/quy-trinh-kiem-tra-ti-so-truyen-1-10-thuc-te-cua-motor-giam-toc,NEUTRAL,Đã thu thập dữ liệu – hiện chưa được lập chỉ mục,2026-06-06T21:45:16Z
https://thanhthaimotor.com/en/electric-motors/3-phase-electric-motor-22kw-30hp,PASS,Đã được gửi và lập chỉ mục,2026-06-06T06:21:41Z
https://thanhthaimotor.com/en/blog/stepper-motor-consultations/stepper-motor-control-comprehensive-a-z-technical-guide,PASS,Đã được gửi và lập chỉ mục,2026-06-09T03:04:25Z
"
                    https://thanhthaimotor.com/video/dong-co-giam-toc/video-review-motor-giam-toc-tai-nang-cycloid-1-1kw-1-5hp                ",NEUTRAL,Đã phát hiện thấy – hiện chưa được lập chỉ mục,N/A
https://thanhthaimotor.com/en/variable-frequency-drives/fuji-variable-frequency-drive-4kw,ERROR,Internal error encountered.,N/A
https://thanhthaimotor.com/dong-co-dien/dong-co-dien-co-phanh-0-18kw-0-25hp,PASS,Đã được gửi và lập chỉ mục,2026-05-29T18:26:11Z
https://thanhthaimotor.com/en/vacuum-pumps,PASS,Đã được gửi và lập chỉ mục,2026-06-01T12:50:27Z
https://thanhthaimotor.com/dong-co-giam-toc/motor-giam-toc-wpdo-70-0-75kw-1hp,PASS,Đã được gửi và lập chỉ mục,2026-06-04T17:03:51Z
https://thanhthaimotor.com/may-bom-nuoc/may-bom-nuoc-3-pha-7-5kw-10hp,PASS,Đã được gửi và lập chỉ mục,2026-06-09T13:28:31Z
https://thanhthaimotor.com/en/gear-motors/wpa-120-gear-motor-3kw-4hp,PASS,Đã được gửi và lập chỉ mục,2026-06-10T05:25:06Z
https://thanhthaimotor.com/video/goi-do-quat-ly-tam,PASS,Đã được gửi và lập chỉ mục,2026-06-08T00:38:09Z
https://thanhthaimotor.com/kien-thuc-dien-co/tu-van-may-bom-nuoc/bom-bu-ap,PASS,Đã được gửi và lập chỉ mục,2026-05-28T16:14:38Z
https://thanhthaimotor.com/kien-thuc-dien-co/tu-van-dong-co-dien/bac-dan-la-gi,PASS,Đã được gửi và lập chỉ mục,2026-06-07T10:01:22Z
https://thanhthaimotor.com/en/water-pumps/3-phase-water-pump-5-5kw-7-5hp,PASS,Đã được gửi và lập chỉ mục,2026-06-01T23:31:25Z
https://thanhthaimotor.com/kien-thuc-dien-co/tu-van-hop-giam-toc/lap-hop-giam-toc-cycloid-voi-dong-co-dien-3-pha,NEUTRAL,Đã thu thập dữ liệu – hiện chưa được lập chỉ mục,2026-06-08T00:18:03Z
https://thanhthaimotor.com/kien-thuc-dien-co/tu-van-may-bom-nuoc/thanh-thai-motor-may-bom-nuoc-tuoi-ca-phe-hieu-qua-tiet-kiem-chi-phi,PASS,Đã được gửi và lập chỉ mục,2026-06-08T10:01:04Z
"
                    https://thanhthaimotor.com/video/hop-giam-toc/video-bao-gia-hop-giam-toc-truc-vit-banh-vit-thang-06-2026                ",NEUTRAL,Đã thu thập dữ liệu – hiện chưa được lập chỉ mục,2026-05-30T09:25:55Z
"
                    https://thanhthaimotor.com/video/dong-co-dien/video-review-dong-co-phong-no-7-5kw-10hp                ",PASS,Đã được gửi và lập chỉ mục,2026-06-08T03:00:43Z
https://thanhthaimotor.com/kien-thuc-dien-co/tu-van-dong-co-dien/luc-dien-tu,PASS,Đã được gửi và lập chỉ mục,2026-06-07T13:06:53Z
https://thanhthaimotor.com/kien-thuc-dien-co/tu-van-may-bom-nuoc/cac-loai-bom-nuoc-ly-tam,PASS,Đã được gửi và lập chỉ mục,2026-05-29T05:46:28Z
https://thanhthaimotor.com/en/gear-motors/2-stage-udl-1-5kw-nmrv-75-gear-motor,PASS,Đã được gửi và lập chỉ mục,2026-06-05T03:40:35Z
https://thanhthaimotor.com/motor-rung-1-pha,PASS,Đã được gửi và lập chỉ mục,2026-06-10T01:10:48Z
https://thanhthaimotor.com/kien-thuc-dien-co/tu-van-dong-co-dien/tai-sao-motor-bi-giat-khoi-dong-qua-bien-tan-cach-xu-ly,PASS,Đã được gửi và lập chỉ mục,2026-06-08T23:01:48Z
https://thanhthaimotor.com/en/gearboxes/worm-gearbox-wpda-70,PASS,Đã được gửi và lập chỉ mục,2026-06-03T08:27:48Z
https://thanhthaimotor.com/en/gearboxes/nmrv-90-gearbox,NEUTRAL,Đã thu thập dữ liệu – hiện chưa được lập chỉ mục,2026-05-04T19:16:17Z
https://thanhthaimotor.com/kien-thuc-dien-co/tu-van-dong-co-dien/phat-hien-va-xu-ly-motor-bom-dau-thuy-luc-bi-nong-hieu-qua,PASS,Đã được gửi và lập chỉ mục,2026-06-08T09:54:28Z
https://thanhthaimotor.com/en/3-phase-gear-motors-with-magnetic-brakes,PASS,Đã được gửi và lập chỉ mục,2026-06-09T06:00:55Z
https://thanhthaimotor.com/kien-thuc-dien-co/tu-van-may-bom-nuoc/may-bom-ca-sau-khong-len-nuoc-nguyen-nhan-va-giai-phap-chi-tiet,PASS,Đã được gửi và lập chỉ mục,2026-06-01T12:09:41Z
https://thanhthaimotor.com/dong-co-giam-toc/motor-giam-toc-2-cap-nmrv-63-110,PASS,Đã được gửi và lập chỉ mục,2026-05-29T19:34:30Z
"
                    https://thanhthaimotor.com/video/dong-co-giam-toc/video-review-motor-giam-toc-mini-nmrv-50-250w                ",PASS,Đã được gửi và lập chỉ mục,2026-06-08T06:42:41Z
https://thanhthaimotor.com/hop-giam-toc/hop-giam-toc-truc-vit-wp-120,PASS,Đã được gửi và lập chỉ mục,2026-05-31T10:36:19Z
https://thanhthaimotor.com/kien-thuc-dien-co/tu-van-may-bom-nuoc/may-bom-gieng-hut-sau-day-cao-tai-thanh-thai-motor,NEUTRAL,Đã phát hiện thấy – hiện chưa được lập chỉ mục,N/A
https://thanhthaimotor.com/dong-co-dien/dong-co-dien-3-pha-0-37kw-0-5hp,PASS,Đã được gửi và lập chỉ mục,2026-06-08T08:44:41Z
https://thanhthaimotor.com/kien-thuc-dien-co/tu-van-may-bom-nuoc/may-bom-chim-12v-khong-choi-than-giai-phap-hieu-qua-cho-moi-nhu-cau,NEUTRAL,Đã phát hiện thấy – hiện chưa được lập chỉ mục,N/A
https://thanhthaimotor.com/en/gear-motors/wpdo-250-gear-motor-15kw-20hp,PASS,Đã được gửi và lập chỉ mục,2026-06-06T04:29:32Z
https://thanhthaimotor.com/kien-thuc-dien-co/tu-van-dong-co-dien/dong-co-khong-choi-than-toc-do-cao-cung-hieu-suat-vuot-troi,NEUTRAL,Đã phát hiện thấy – hiện chưa được lập chỉ mục,N/A
https://thanhthaimotor.com/en/nmrv-1-phase-gear-motors,PASS,Đã được gửi và lập chỉ mục,2026-05-13T15:44:38Z
https://thanhthaimotor.com/kien-thuc-dien-co/tu-van-may-bom-nuoc/huong-dan-chi-tiet-so-do-dau-day-may-bom-nuoc-an-toan-hieu-qua,PASS,Đã được gửi và lập chỉ mục,2026-05-28T16:03:47Z
https://thanhthaimotor.com/kien-thuc-dien-co/tu-van-may-bom-nuoc/5-nguyen-nhan-may-bom-tang-ap-bi-yeu-va-cach,PASS,Đã được gửi và lập chỉ mục,2026-05-05T12:41:14Z
"
                    https://thanhthaimotor.com/video/dong-co-giam-toc/video-review-motor-giam-toc-wpda-100-1-1kw-1-5hp                ",PASS,Đã được gửi và lập chỉ mục,2026-06-08T00:19:43Z
https://thanhthaimotor.com/en/gear-motors/3-stage-gear-motor-2-udl-1-5kw-and-1-wpdo-100,PASS,Đã được gửi và lập chỉ mục,2026-05-21T12:19:52Z
https://thanhthaimotor.com/en/gear-motors/wpds-100-worm-gear-motor-1-1kw-1-5hp,PASS,Đã được gửi và lập chỉ mục,2026-06-08T02:31:53Z
https://thanhthaimotor.com/may-bom-nuoc-tren-50m3-h,PASS,Đã được gửi và lập chỉ mục,2026-06-08T21:33:32Z
https://thanhthaimotor.com/dong-co-giam-toc/motor-giam-toc-wpdo-120-2-2kw-3hp,PASS,Đã được gửi và lập chỉ mục,2026-06-06T05:42:14Z
"
                    https://thanhthaimotor.com/video/puly/video-bao-gia-puly-06-2026                ",PASS,Đã được gửi và lập chỉ mục,2026-05-30T09:24:00Z
"
                    https://thanhthaimotor.com/video/hop-giam-toc/video-bao-gia-hop-giam-toc-2-cap-thang-06-2026                ",PASS,Đã được gửi và lập chỉ mục,2026-05-31T17:25:42Z
https://thanhthaimotor.com/hop-giam-toc-hop-tai-nang-vuong-goc-s,PASS,Đã được gửi và lập chỉ mục,2026-06-01T05:08:47Z
https://thanhthaimotor.com/en/gearboxes/f-series-parallel-shaft-helical-gearbox-2-2kw-3hp,PASS,Đã được gửi và lập chỉ mục,2026-06-04T18:03:08Z
https://thanhthaimotor.com/en/electric-motors/brake-motor-0-55kw-0-75hp,PASS,Đã được gửi và lập chỉ mục,2026-06-01T05:10:41Z
https://thanhthaimotor.com/kien-thuc-dien-co/tu-van-dong-co-giam-toc/bang-gia-dong-co-giam-toc-3-pha-duoi-1-1kw-moi-nhat,PASS,Đã được gửi và lập chỉ mục,2026-05-10T12:09:56Z
https://thanhthaimotor.com/dong-co-giam-toc/motor-giam-toc-wpx-100-1-1kw-1-5hp,PASS,Đã được gửi và lập chỉ mục,2026-06-07T03:09:39Z
https://thanhthaimotor.com/kien-thuc-dien-co/tu-van-may-bom-nuoc/bom-tang-ap-dc-thiet-ke-va-giai-phap-cho-he-thong-tang-ap,PASS,Đã được gửi và lập chỉ mục,2026-05-29T06:47:28Z
https://thanhthaimotor.com/kien-thuc-dien-co/tu-van-may-bom-nuoc/lua-chon-va-lap-dat-thiet-bi-bom-tang-ap-voi-sen-hieu-qua-nhat,NEUTRAL,Đã thu thập dữ liệu – hiện chưa được lập chỉ mục,2026-05-05T12:45:19Z
https://thanhthaimotor.com/en/gear-motors/heavy-duty-brake-gear-motor-11kw-15hp,PASS,Đã được gửi và lập chỉ mục,2026-06-06T16:13:57Z
"
                    https://thanhthaimotor.com/video/dong-co-giam-toc/video-review-motor-giam-toc-2-cap-nmrv-50-130                ",NEUTRAL,Đã phát hiện thấy – hiện chưa được lập chỉ mục,N/A
"
                    https://thanhthaimotor.com/video/hop-giam-toc/video-review-hop-giam-toc-truc-vit-wpa-50                ",PASS,Đã được gửi và lập chỉ mục,2026-06-08T02:32:05Z
https://thanhthaimotor.com/hop-giam-toc-zq-2-cap,PASS,Đã được gửi và lập chỉ mục,2026-06-05T05:56:44Z
https://thanhthaimotor.com/en/gear-motors/mini-nmrv-40-140w-gear-motor,PASS,Đã được gửi và lập chỉ mục,2026-06-08T05:15:01Z
https://thanhthaimotor.com/kien-thuc-dien-co/tu-van-may-bom-nuoc/cach-khac-phuc-may-bom-nuoc-keu-to-hieu-qua-dut-diem,PASS,Đã được gửi và lập chỉ mục,2026-06-10T16:25:51Z
https://thanhthaimotor.com/hop-giam-toc/bo-dieu-chinh-toc-do-motor-0-37kw-0-5hp,PASS,Đã được gửi và lập chỉ mục,2026-06-03T11:29:19Z
https://thanhthaimotor.com/en/abb-variable-frequency-drives-under-10kw,PASS,Đã được gửi và lập chỉ mục,2026-06-10T04:14:34Z
https://thanhthaimotor.com/kien-thuc-dien-co/tu-van-hop-giam-toc/nhung-loi-thuong-gap-khi-chon-sai-hop-giam-toc-nmrv-va-cach-khac-phuc,NEUTRAL,"Trang trùng lặp, Google đã chọn một trang chính tắc khác với lựa chọn của người dùng",2026-05-05T11:31:52Z
"
                    https://thanhthaimotor.com/video/hop-giam-toc/video-review-hop-giam-toc-truc-vit-wps-80                ",PASS,Đã được gửi và lập chỉ mục,2026-06-08T07:42:11Z
https://thanhthaimotor.com/en/gearboxes/2-stage-nmrv-63-75-gearbox,PASS,Đã được gửi và lập chỉ mục,2026-05-31T08:12:24Z
https://thanhthaimotor.com/dong-co-giam-toc-3-pha-tu-1-1kw-den-3-7kw,PASS,Đã được gửi và lập chỉ mục,2026-06-06T18:35:57Z
https://thanhthaimotor.com/kien-thuc-dien-co/tu-van-dong-co-dien/bom-dau-bi-ro-ri-nguyen-nhan-hau-qua-va-giai-phap-khac-phuc-triet-de,NEUTRAL,Đã thu thập dữ liệu – hiện chưa được lập chỉ mục,2026-05-05T10:17:45Z
https://thanhthaimotor.com/kien-thuc-dien-co/tu-van-may-bom-nuoc/hop-bao-ve-may-bom-nuoc-an-toan-va-bao-tri-hieu-qua,NEUTRAL,Đã thu thập dữ liệu – hiện chưa được lập chỉ mục,2026-05-05T12:26:27Z
"
                    https://thanhthaimotor.com/video/hop-giam-toc/video-review-hop-giam-toc-3-cap-2-udl-1-5kw-va-1-wpdo-100                ",PASS,Đã được gửi và lập chỉ mục,2026-06-08T02:16:21Z
https://thanhthaimotor.com/kien-thuc-dien-co/tu-van-may-bom-nuoc/huong-dan-chi-tiet-lap-dat-bom-chim-dung-ky-thuat-va-an-toan,PASS,Đã được gửi và lập chỉ mục,2026-06-07T05:14:17Z
https://thanhthaimotor.com/bien-tan/bien-tan-mitsubishi-2-2kw,PASS,Đã được gửi và lập chỉ mục,2026-06-10T17:36:26Z
https://thanhthaimotor.com/kien-thuc-dien-co/tu-van-dong-co-dien/so-sanh-bom-thuy-luc-phan-tich-ky-thuat-chuyen-sau-va-ung-dung,PASS,Đã được gửi và lập chỉ mục,2026-05-28T17:27:12Z
https://thanhthaimotor.com/puly-tren-50mm,PASS,Đã được gửi và lập chỉ mục,2026-06-05T07:53:37Z
https://thanhthaimotor.com/kien-thuc-dien-co/tu-van-puly,PASS,Đã được gửi và lập chỉ mục,2026-06-09T18:37:20Z
https://thanhthaimotor.com/hop-giam-toc/hop-giam-toc-3-cap-2-udl-1-5kw-va-1-wpds-100,PASS,Đã được gửi và lập chỉ mục,2026-06-09T18:16:15Z
https://thanhthaimotor.com/en/gear-motors/mini-nmrv-50-370w-gear-motor,PASS,Đã được gửi và lập chỉ mục,2026-05-31T22:03:12Z
https://thanhthaimotor.com/en/gear-motors/nmrv-2-stage-gear-motor-90-110,PASS,Đã được gửi và lập chỉ mục,2026-06-09T04:58:50Z
https://thanhthaimotor.com/dong-co-giam-toc/motor-giam-toc-wpo-135-4kw-5-5hp,PASS,Đã được gửi và lập chỉ mục,2026-05-31T14:18:52Z
"
                    https://thanhthaimotor.com/video/dong-co-dien/video-ky-thuat-huong-dan-dau-day-dong-co-dien-3-pha                ",PASS,Đã được gửi và lập chỉ mục,2026-06-08T01:45:57Z
https://thanhthaimotor.com/may-bom-nuoc-tang-ap,PASS,Đã được gửi và lập chỉ mục,2026-06-08T12:14:56Z
https://thanhthaimotor.com/en/water-pumps/high-head-water-pump-7-5kw-10hp,PASS,Đã được gửi và lập chỉ mục,2026-05-27T22:27:20Z
https://thanhthaimotor.com/hop-giam-toc/hop-giam-toc-truc-vit-wpds-120,PASS,Đã được gửi và lập chỉ mục,2026-06-05T05:40:58Z
"
                    https://thanhthaimotor.com/video/dong-co-giam-toc/video-review-motor-giam-toc-1-pha-1-1kw-1-5hp                ",PASS,Đã được gửi và lập chỉ mục,2026-05-14T23:17:44Z
"
                    https://thanhthaimotor.com/video/dong-co-dien/video-review-dong-co-phong-no-1-1kw-1-5hp                ",PASS,Đã được gửi và lập chỉ mục,2026-05-05T02:27:13Z
https://thanhthaimotor.com/kien-thuc-dien-co/tu-van-bien-tan/bien-tan-bu-luoi-la-gi-nguyen-ly-ung-dung-va-loi-ich-chi-tiet,PASS,Đã được gửi và lập chỉ mục,2026-05-28T14:08:28Z
"
                    https://thanhthaimotor.com/video/dong-co-dien/video-review-dong-co-phong-no-0-8kw-1hp                ",PASS,Đã được gửi và lập chỉ mục,2026-06-08T06:35:23Z
https://thanhthaimotor.com/en/3-phase-water-pumps,PASS,Đã được gửi và lập chỉ mục,2026-06-05T10:13:37Z
"
                    https://thanhthaimotor.com/video/hop-giam-toc/video-review-hop-so-giam-toc-cycloid-7-5kw-10hp                ",PASS,Đã được gửi và lập chỉ mục,2026-06-07T04:23:44Z
https://thanhthaimotor.com/dong-co-dien/dong-co-dien-3-pha-45kw-60hp,PASS,Đã được gửi và lập chỉ mục,2026-06-04T22:26:38Z
https://thanhthaimotor.com/may-bom-nuoc/may-bom-chim-4kw-5-5hp,PASS,Đã được gửi và lập chỉ mục,2026-05-21T12:34:11Z
https://thanhthaimotor.com/dong-co-giam-toc/motor-giam-toc-wps-100-1-1kw-1-5hp,PASS,Đã được gửi và lập chỉ mục,2026-06-05T04:20:59Z
https://thanhthaimotor.com/kien-thuc-dien-co/tu-van-dong-co-dien/huong-dan-dau-day-dong-co-dien-3-pha-co-ban,PASS,Đã được gửi và lập chỉ mục,2026-06-07T08:50:28Z
https://thanhthaimotor.com/kien-thuc-dien-co/tu-van-may-bom-nuoc/bang-gia-may-bom-chim-1-pha-moi-nhat,PASS,Đã được gửi và lập chỉ mục,2026-06-07T20:36:07Z
"
                    https://thanhthaimotor.com/video/hop-giam-toc/video-review-hop-giam-toc-2-cap-udl-1-5kw-wpda-80                ",PASS,Đã được gửi và lập chỉ mục,2026-06-08T02:31:26Z
https://thanhthaimotor.com/kien-thuc-dien-co/tu-van-quat-thoi-khi/quat-huong-truc,PASS,Đã được gửi và lập chỉ mục,2026-06-07T16:47:16Z
https://thanhthaimotor.com/kien-thuc-dien-co/tu-van-hop-giam-toc/hop-giam-toc-bi-keu,PASS,Đã được gửi và lập chỉ mục,2026-06-08T03:57:49Z
https://thanhthaimotor.com/kien-thuc-dien-co/tu-van-dong-co-dien/mach-dao-chieu-dong-co-3-pha,PASS,Đã được gửi và lập chỉ mục,2026-06-07T15:17:30Z
https://thanhthaimotor.com/kien-thuc-dien-co/tu-van-puly/cach-tinh-toc-do-cua-puly,PASS,Đã được gửi và lập chỉ mục,2026-06-05T13:32:12Z
https://thanhthaimotor.com/en/gearboxes/wpds-155-worm-gearbox,PASS,Đã được gửi và lập chỉ mục,2026-06-06T08:55:11Z
https://thanhthaimotor.com/en/electric-motors/explosion-proof-motor-55kw-75hp,NEUTRAL,Đã thu thập dữ liệu – hiện chưa được lập chỉ mục,2026-04-14T03:02:05Z
https://thanhthaimotor.com/hop-giam-toc/hop-giam-toc-truc-vit-wpdx-250,PASS,Đã được gửi và lập chỉ mục,2026-06-05T04:34:21Z
https://thanhthaimotor.com/en/gear-motors/wps-60-gear-motor-0-37kw-0-5hp,NEUTRAL,Đã thu thập dữ liệu – hiện chưa được lập chỉ mục,2026-05-15T17:13:22Z
"
                    https://thanhthaimotor.com/video/dong-co-giam-toc/video-review-motor-giam-toc-2-cap-udl-0-8kw-nmrv-63                ",NEUTRAL,Đã phát hiện thấy – hiện chưa được lập chỉ mục,N/A
https://thanhthaimotor.com/may-bom-nuoc-1-pha-duoi-3-7kw,PASS,Đã được gửi và lập chỉ mục,2026-06-10T02:53:31Z
https://thanhthaimotor.com/dong-co-dien/dong-co-phong-no-0-8kw-1hp,PASS,Đã được gửi và lập chỉ mục,2026-05-30T21:41:33Z
https://thanhthaimotor.com/kien-thuc-dien-co/tu-van-may-bom-nuoc/top-4-cach-tang-ap-luc-nuoc-khong-can-may-bom-don-gian-hieu-qua,PASS,Đã được gửi và lập chỉ mục,2026-06-08T04:28:52Z
https://thanhthaimotor.com/kien-thuc-dien-co/tu-van-may-bom-nuoc/bao-gia-may-bom-nuoc-day-cao-3-pha-moi-nhat,NEUTRAL,Đã thu thập dữ liệu – hiện chưa được lập chỉ mục,2026-06-08T19:45:21Z
https://thanhthaimotor.com/hop-giam-toc/hop-giam-toc-truc-vit-wpdks-80,PASS,Đã được gửi và lập chỉ mục,2026-06-01T21:04:26Z
https://thanhthaimotor.com/kien-thuc-dien-co/tu-van-hop-giam-toc/so-sanh-hop-giam-toc-wpda-va-wpa-chuan-ky-thuat,NEUTRAL,Đã phát hiện thấy – hiện chưa được lập chỉ mục,N/A
https://thanhthaimotor.com/hop-giam-toc/hop-giam-toc-tai-nang-truc-vuong-goc-s-2-2kw,PASS,Đã được gửi và lập chỉ mục,2026-06-06T10:20:48Z
https://thanhthaimotor.com/hop-giam-toc/hop-giam-toc-truc-vit-wpdks-175,PASS,Đã được gửi và lập chỉ mục,2026-06-09T10:51:27Z
https://thanhthaimotor.com/kien-thuc-dien-co/tu-van-dong-co-dien/gia-bom-thuy-luc,PASS,Đã được gửi và lập chỉ mục,2026-06-07T11:38:21Z
https://thanhthaimotor.com/dong-co-giam-toc/motor-giam-toc-2-cap-nmrv-75-110,PASS,Đã được gửi và lập chỉ mục,2026-06-04T23:22:17Z
https://thanhthaimotor.com/en/gearboxes/zq-850-gearbox,PASS,Đã được gửi và lập chỉ mục,2026-05-31T03:20:33Z
https://thanhthaimotor.com/kien-thuc-dien-co/tu-van-dong-co-dien/motor-quat-hoi-nuoc,PASS,Đã được gửi và lập chỉ mục,2026-06-08T19:55:22Z
https://thanhthaimotor.com/en/gear-motors/3-stage-gear-motor-2-udl-1-5kw-and-1-wpds-80,PASS,Đã được gửi và lập chỉ mục,2026-06-08T02:27:00Z
https://thanhthaimotor.com/en/1-phase-submersible-pumps,PASS,Đã được gửi và lập chỉ mục,2026-06-01T03:22:21Z
https://thanhthaimotor.com/kien-thuc-dien-co/tu-van-dong-co-dien/cach-do-dong-dien-motor-chuan-ky-thuat-va-an-toan,PASS,Đã được gửi và lập chỉ mục,2026-06-08T02:01:33Z
https://thanhthaimotor.com/hop-giam-toc/hop-giam-toc-truc-vit-wpdx-200,PASS,Đã được gửi và lập chỉ mục,2026-06-10T15:19:38Z
https://thanhthaimotor.com/kien-thuc-dien-co/tu-van-dong-co-dien/cach-chon-dong-co-dien,PASS,Đã được gửi và lập chỉ mục,2026-06-08T09:54:07Z
https://thanhthaimotor.com/en/gearboxes/s-series-helical-worm-gearbox-15kw-20hp,PASS,Đã được gửi và lập chỉ mục,2026-06-05T06:49:14Z
https://thanhthaimotor.com/video/dong-co-dien,PASS,Đã được gửi và lập chỉ mục,2026-05-10T09:27:20Z
https://thanhthaimotor.com/dong-co-giam-toc/motor-giam-toc-wpdx-250-15kw-20hp,PASS,Đã được gửi và lập chỉ mục,2026-06-08T04:05:34Z
"
                    https://thanhthaimotor.com/video/dong-co-giam-toc/video-review-motor-giam-toc-1-pha-2-2kw-3hp                ",PASS,Đã được gửi và lập chỉ mục,2026-06-11T02:15:22Z
https://thanhthaimotor.com/en/air-blowers/air-blower-15kw-20hp,PASS,Đã được gửi và lập chỉ mục,2026-06-08T12:23:34Z
https://thanhthaimotor.com/video/dong-co-giam-toc-mini,PASS,Đã được gửi và lập chỉ mục,2026-06-08T03:53:00Z
https://thanhthaimotor.com/hop-giam-toc-truc-vit-banh-vit-dieu-toc-co,NEUTRAL,Đã thu thập dữ liệu – hiện chưa được lập chỉ mục,2026-03-15T07:21:51Z
https://thanhthaimotor.com/hop-giam-toc/bo-dieu-chinh-toc-do-motor-1-5kw-2hp,PASS,Đã được gửi và lập chỉ mục,2026-06-09T18:00:43Z
https://thanhthaimotor.com/dong-co-giam-toc/motor-giam-toc-3-cap-2-udl-1-5kw-va-1-wpda-100,PASS,Đã được gửi và lập chỉ mục,2026-06-01T05:56:10Z
https://thanhthaimotor.com/kien-thuc-dien-co/tu-van-may-bom-nuoc/huong-dan-lap-may-bom-nuoc-2-dau-dung-ky-thuat,PASS,Đã được gửi và lập chỉ mục,2026-06-08T06:12:09Z
https://thanhthaimotor.com/hop-giam-toc/hop-giam-toc-tai-nang-truc-vuong-goc-s-5-5kw,PASS,Đã được gửi và lập chỉ mục,2026-06-07T22:52:40Z
https://thanhthaimotor.com/kien-thuc-dien-co/tu-van-dong-co-buoc/huong-dan-chon-dong-co-buoc-cho-may-in-3d-chuan-ky-thuat,PASS,Đã được gửi và lập chỉ mục,2026-05-28T04:34:11Z
https://thanhthaimotor.com/hop-giam-toc/hop-giam-toc-truc-vit-wp-40,PASS,Đã được gửi và lập chỉ mục,2026-06-08T00:00:28Z
https://thanhthaimotor.com/en/electric-motors/brake-motor-5-5kw-7-5hp,PASS,Đã được gửi và lập chỉ mục,2026-06-04T18:21:03Z
https://thanhthaimotor.com/en/gearboxes/worm-gearbox-wpda-200,PASS,Đã được gửi và lập chỉ mục,2026-06-06T06:20:39Z
https://thanhthaimotor.com/kien-thuc-dien-co/tu-van-dong-co-buoc/mach-cau-h-dieu-khien-dong-co-buoc,PASS,Đã được gửi và lập chỉ mục,2026-06-06T22:43:58Z
https://thanhthaimotor.com/en/gearboxes/zq-650-gearbox,PASS,Đã được gửi và lập chỉ mục,2026-06-07T01:27:35Z
https://thanhthaimotor.com/en/abb-variable-frequency-drives,PASS,Đã được gửi và lập chỉ mục,2026-06-06T11:46:22Z
https://thanhthaimotor.com/en/teco-water-pumps-under-50m3-h,PASS,Đã được gửi và lập chỉ mục,2026-06-07T10:23:02Z
https://thanhthaimotor.com/hop-giam-toc/hop-giam-toc-3-cap-2-udl-1-5kw-va-1-wpdx-80,PASS,Đã được gửi và lập chỉ mục,2026-06-08T17:43:21Z
https://thanhthaimotor.com/kien-thuc-dien-co/tu-van-bien-tan/huong-dan-cai-dat-bien-tan-danfoss-chuan-xac-an-toan-hieu-qua,PASS,Đã được gửi và lập chỉ mục,2026-06-01T13:45:36Z
https://thanhthaimotor.com/en/gear-motors/nmrv-2-stage-gear-motor-40-50,PASS,Đã được gửi và lập chỉ mục,2026-06-05T09:53:47Z
https://thanhthaimotor.com/kien-thuc-dien-co/tu-van-may-bom-nuoc/may-bom-tang-ap-khong-tieng-on-giai-phap-hieu-qua-cho-cuoc-song-yen-tinh,NEUTRAL,Đã thu thập dữ liệu – hiện chưa được lập chỉ mục,2026-05-05T12:32:27Z
https://thanhthaimotor.com/en/screw-jack-gearboxes,PASS,Đã được gửi và lập chỉ mục,2026-05-22T23:48:49Z
https://thanhthaimotor.com/en/water-pumps/high-head-water-pump-5-5kw-7-5hp,PASS,Đã được gửi và lập chỉ mục,2026-06-01T09:52:27Z
"
                    https://thanhthaimotor.com/video/hop-giam-toc/video-review-hop-giam-toc-truc-vit-wpds-70                ",PASS,Đã được gửi và lập chỉ mục,2026-06-08T06:27:58Z
https://thanhthaimotor.com/en/delta-variable-frequency-drives-under-10kw,PASS,Đã được gửi và lập chỉ mục,2026-05-31T03:20:59Z
https://thanhthaimotor.com/dong-co-giam-toc/motor-giam-toc-tai-nang-cycloid-2-2kw-3hp,PASS,Đã được gửi và lập chỉ mục,2026-05-29T06:48:34Z
https://thanhthaimotor.com/en/gear-motors/2-stage-udl-gear-motor-2-2kw-wpdx-120,PASS,Đã được gửi và lập chỉ mục,2026-06-08T07:44:58Z
https://thanhthaimotor.com/kien-thuc-dien-co/tu-van-hop-giam-toc/hop-giam-toc-banh-rang-con,PASS,Đã được gửi và lập chỉ mục,2026-06-01T02:56:19Z
https://thanhthaimotor.com/en/gearboxes/worm-gearbox-wpdx-80,PASS,Đã được gửi và lập chỉ mục,2026-06-09T14:01:50Z
https://thanhthaimotor.com/khop-noi/khop-noi-truc-24mm,PASS,Đã được gửi và lập chỉ mục,2026-06-01T15:37:51Z
https://thanhthaimotor.com/bien-tan/bien-tan-schneider-45kw,PASS,Đã được gửi và lập chỉ mục,2026-06-06T02:09:09Z
https://thanhthaimotor.com/kien-thuc-dien-co/tu-van-dong-co-dien/cach-lap-nap-motor-song-song,PASS,Đã được gửi và lập chỉ mục,2026-06-08T04:16:43Z
https://thanhthaimotor.com/en/gear-motors/2-stage-udl-0-37kw-cycloidal-x0-gear-motor,PASS,Đã được gửi và lập chỉ mục,2026-06-06T02:36:51Z
https://thanhthaimotor.com/en/gear-motors/wpa-135-gear-motor-4kw-5-5hp,PASS,Đã được gửi và lập chỉ mục,2026-06-01T23:04:37Z
https://thanhthaimotor.com/en/gear-motors/3-stage-gear-motor-2-udl-2-2kw-and-1-wpdx-120,PASS,Đã được gửi và lập chỉ mục,2026-06-10T03:01:23Z
https://thanhthaimotor.com/en/water-pumps/teco-water-pump-15kw-20hp,PASS,Đã được gửi và lập chỉ mục,2026-05-31T17:15:21Z
https://thanhthaimotor.com/kien-thuc-dien-co/tu-van-dong-co-giam-toc/huong-dan-tra-cuu-thong-so-motor-giam-toc-chinh-xac,PASS,Đã được gửi và lập chỉ mục,2026-06-08T03:53:25Z
https://thanhthaimotor.com/may-bom-nuoc/bom-hut-chan-khong-15kw-20hp,PASS,Đã được gửi và lập chỉ mục,2026-06-02T08:46:35Z
https://thanhthaimotor.com/dong-co-giam-toc/motor-giam-toc-tai-nang-truc-song-song-f-7-5kw-10hp,PASS,Đã được gửi và lập chỉ mục,2026-06-08T00:28:02Z
https://thanhthaimotor.com/en/1-phase-electric-motors-under-3-7kw,PASS,Đã được gửi và lập chỉ mục,2026-06-07T17:34:06Z
"
                    https://thanhthaimotor.com/video/dong-co-giam-toc/video-review-motor-giam-toc-wpx-50-0-18kw-0-25hp                ",PASS,Đã được gửi và lập chỉ mục,2026-06-08T07:38:41Z
"
                    https://thanhthaimotor.com/video/dong-co-giam-toc/video-review-motor-giam-toc-tai-nang-cycloid-22kw-30hp                ",PASS,Đã được gửi và lập chỉ mục,2026-06-07T17:12:32Z
https://thanhthaimotor.com/kien-thuc-dien-co/tu-van-may-bom-nuoc/lup-be-may-bom-nuoc-la-gi,PASS,Đã được gửi và lập chỉ mục,2026-06-08T00:08:51Z
https://thanhthaimotor.com/kien-thuc-dien-co/tu-van-dong-co-dien/bang-so-sanh-may-phat-dien-va-dong-co-dien-chi-tiet,NEUTRAL,Đã thu thập dữ liệu – hiện chưa được lập chỉ mục,2026-05-05T10:25:48Z
https://thanhthaimotor.com/en/gear-motors/wps-100-gear-motor-1-5kw-2hp,PASS,Đã được gửi và lập chỉ mục,2026-06-03T10:22:49Z
https://thanhthaimotor.com/may-bom-nuoc-hoa-tien-duoi-50m3-h,PASS,Đã được gửi và lập chỉ mục,2026-05-28T07:14:20Z
https://thanhthaimotor.com/en/nmrv-gear-motors-under-1-1kw,NEUTRAL,Đã thu thập dữ liệu – hiện chưa được lập chỉ mục,2026-05-22T18:59:03Z
https://thanhthaimotor.com/dong-co-buoc/dong-co-buoc-4-5nm,NEUTRAL,Đã thu thập dữ liệu – hiện chưa được lập chỉ mục,2026-02-22T22:00:19Z
https://thanhthaimotor.com/kien-thuc-dien-co/tu-van-may-bom-nuoc/so-sanh-bom-ly-tam-va-bom-piston-de-toi-uu-hieu-suat-van-hanh,PASS,Đã được gửi và lập chỉ mục,2026-05-28T14:12:41Z
https://thanhthaimotor.com/en/water-pumps/crocodile-water-pump-1dk-16-0-37kw-0-5hp,NEUTRAL,Đã thu thập dữ liệu – hiện chưa được lập chỉ mục,2026-05-24T00:44:12Z
https://thanhthaimotor.com/dong-co-giam-toc-3-pha-tren-3-7kw,PASS,Đã được gửi và lập chỉ mục,2026-05-12T19:51:19Z
https://thanhthaimotor.com/en/gearboxes/screw-jack-gearbox-swld2-5-swl2-5,NEUTRAL,Đã thu thập dữ liệu – hiện chưa được lập chỉ mục,2026-04-22T06:44:16Z
https://thanhthaimotor.com/en/gearboxes/3-stage-gearbox-2-udl-0-37kw-and-1-wpda-60,PASS,Đã được gửi và lập chỉ mục,2026-06-01T16:08:59Z
https://thanhthaimotor.com/kien-thuc-dien-co/tu-van-dong-co-dien/kinh-nghiem-mua-motor-dien-uy-tin-tai-tp-hcm-chinh-hang,PASS,Đã được gửi và lập chỉ mục,2026-05-21T07:54:48Z
https://thanhthaimotor.com/dong-co-giam-toc/motor-giam-toc-co-phanh-0-2kw-0-25hp,PASS,Đã được gửi và lập chỉ mục,2026-06-11T08:49:36Z
https://thanhthaimotor.com/en/3-phase-electric-motors,PASS,Đã được gửi và lập chỉ mục,2026-05-31T03:20:43Z
https://thanhthaimotor.com/dong-co-giam-toc/motor-giam-toc-2-cap-udl-0-8kw-r47,PASS,Đã được gửi và lập chỉ mục,2026-06-04T19:33:47Z
https://thanhthaimotor.com/en/pulleys/55mm-shaft-pulley,PASS,Đã được gửi và lập chỉ mục,2026-06-09T22:34:01Z
https://thanhthaimotor.com/kien-thuc-dien-co/tu-van-dong-co-dien/mo-to-dien-mini-220v,PASS,Đã được gửi và lập chỉ mục,2026-06-08T08:22:34Z
https://thanhthaimotor.com/kien-thuc-dien-co/tu-van-dong-co-giam-toc/cach-dao-chieu-cho-motor-giam-toc-mini-3-pha,PASS,Đã được gửi và lập chỉ mục,2026-06-08T04:18:31Z
https://thanhthaimotor.com/en/water-pumps/horizontal-stainless-steel-head-high-head-water-pump-lepono-edh-20-30-4kw-5-5hp,NEUTRAL,Đã thu thập dữ liệu – hiện chưa được lập chỉ mục,2026-04-22T15:30:05Z
https://thanhthaimotor.com/kien-thuc-dien-co/tu-van-dong-co-dien/huong-dan-cach-dau-bien-dong-3-pha-don-gian-de-hieu,PASS,Đã được gửi và lập chỉ mục,2026-06-08T01:05:55Z
"
                    https://thanhthaimotor.com/video/dong-co-dien/video-review-dong-co-dien-co-phanh-7-5kw-10hp                ",PASS,Đã được gửi và lập chỉ mục,2026-06-07T17:12:27Z
https://thanhthaimotor.com/kien-thuc-dien-co/tu-van-may-bom-nuoc/tim-hieu-ngay-ve-cau-tao-may-bom-nuoc-chi-tiet-nhat,PASS,Đã được gửi và lập chỉ mục,2026-05-25T12:16:48Z
"
                    https://thanhthaimotor.com/video/may-bom-nuoc/video-review-bom-hut-chan-khong-15kw-20hp                ",PASS,Đã được gửi và lập chỉ mục,2026-06-03T09:20:23Z
https://thanhthaimotor.com/en/water-pumps,PASS,Đã được gửi và lập chỉ mục,2026-05-22T19:07:31Z
https://thanhthaimotor.com/dong-co-giam-toc/motor-giam-toc-2-cap-udl-2-2kw-wpda-120,PASS,Đã được gửi và lập chỉ mục,2026-05-31T19:51:50Z
https://thanhthaimotor.com/may-bom-nuoc-3-pha,PASS,Đã được gửi và lập chỉ mục,2026-06-06T08:19:02Z
https://thanhthaimotor.com/may-bom-nuoc/bom-chim-2-2kw-3hp,PASS,Đã được gửi và lập chỉ mục,2026-06-02T13:16:57Z
https://thanhthaimotor.com/en/gear-motors/heavy-duty-s-series-helical-worm-gear-motor-7-5kw-10hp,PASS,Đã được gửi và lập chỉ mục,2026-06-05T03:47:43Z
https://thanhthaimotor.com/hop-giam-toc-truc-vit-banh-vit-1-cap,PASS,Đã được gửi và lập chỉ mục,2026-06-08T18:43:03Z
https://thanhthaimotor.com/en/gear-motors/wps-250-gear-motor-15kw-20hp,PASS,Đã được gửi và lập chỉ mục,2026-06-01T16:03:25Z
https://thanhthaimotor.com/kien-thuc-dien-co/tu-van-hop-giam-toc/lap-hop-giam-toc-tai-nang-truc-thang-r-voi-dong-co-dien-3-pha,NEUTRAL,Đã thu thập dữ liệu – hiện chưa được lập chỉ mục,2026-05-05T11:48:13Z
https://thanhthaimotor.com/kien-thuc-dien-co/tu-van-dong-co-dien/kiem-tra-tu-dien-motor-bang-dong-ho-va-cach-bao-duong,NEUTRAL,Đã thu thập dữ liệu – hiện chưa được lập chỉ mục,2026-05-05T12:39:14Z
"
                    https://thanhthaimotor.com/video/dong-co-giam-toc/video-review-motor-giam-toc-mini-40w                ",PASS,Đã được gửi và lập chỉ mục,2026-06-08T04:18:21Z
"
                    https://thanhthaimotor.com/video/dong-co-giam-toc/video-review-motor-giam-toc-mini-60w                ",PASS,Đã được gửi và lập chỉ mục,2026-05-31T10:34:45Z
https://thanhthaimotor.com/en/couplings/chain-coupling-kc8020,PASS,Đã được gửi và lập chỉ mục,2026-06-11T06:32:46Z
https://thanhthaimotor.com/kien-thuc-dien-co/tu-van-bien-tan/kham-pha-tong-quan-cac-dong-bien-tan-delta-cho-cong-nghiep,NEUTRAL,Đã thu thập dữ liệu – hiện chưa được lập chỉ mục,2026-05-30T23:26:06Z
https://thanhthaimotor.com/kien-thuc-dien-co/tu-van-dong-co-dien/dong-co-khong-dong-bo-1-pha-cau-tao-nguyen-ly-va-ung-dung,NEUTRAL,Google không xác định được URL,N/A
https://thanhthaimotor.com/kien-thuc-dien-co/tu-van-dong-co-dien/momen-xoan-la-gi,PASS,Đã được gửi và lập chỉ mục,2026-06-08T00:45:28Z
https://thanhthaimotor.com/en/water-pumps/vacuum-pump-11kw-15hp,NEUTRAL,Đã thu thập dữ liệu – hiện chưa được lập chỉ mục,2026-04-12T07:03:46Z
https://thanhthaimotor.com/en/3-phase-centrifugal-water-pumps,PASS,Đã được gửi và lập chỉ mục,2026-05-07T04:22:46Z
https://thanhthaimotor.com/dong-co-giam-toc/motor-giam-toc-nmrv-90-4kw-5-5hp,PASS,Đã được gửi và lập chỉ mục,2026-06-06T12:48:58Z
https://thanhthaimotor.com/en/gear-motors/wpa-60-gear-motor-0-37kw-0-5hp,PASS,Đã được gửi và lập chỉ mục,2026-06-08T00:37:49Z
https://thanhthaimotor.com/en/variable-frequency-drives/abb-variable-frequency-drive-18kw,NEUTRAL,Đã thu thập dữ liệu – hiện chưa được lập chỉ mục,2026-04-07T20:13:17Z
https://thanhthaimotor.com/kien-thuc-dien-co/tu-van-may-bom-nuoc/giai-ma-hien-tuong-may-bom-tang-ap-van-chay-nhung-khong-len-nuoc,PASS,Đã được gửi và lập chỉ mục,2026-06-01T00:54:40Z
"
                    https://thanhthaimotor.com/video/dong-co-dien/video-review-dong-co-dien-3-pha-0-55kw-0-75hp                ",PASS,Đã được gửi và lập chỉ mục,2026-06-08T01:42:57Z
"
                    https://thanhthaimotor.com/video/dong-co-giam-toc/video-review-motor-giam-toc-tai-nang-truc-thang-r-15kw-20hp                ",NEUTRAL,Đã phát hiện thấy – hiện chưa được lập chỉ mục,N/A
https://thanhthaimotor.com/kien-thuc-dien-co/tu-van-may-bom-nuoc/huong-dan-chi-tiet-cach-chinh-may-bom-tang-ap-dien-tu-hieu-qua,PASS,Đã được gửi và lập chỉ mục,2026-06-07T00:30:26Z
https://thanhthaimotor.com/en/worm-gear-motors-over-3-7kw,PASS,Đã được gửi và lập chỉ mục,2026-06-01T12:07:44Z
https://thanhthaimotor.com/en/gear-motors/wpdo-100-gear-motor-1-1kw-1-5hp,NEUTRAL,Đã thu thập dữ liệu – hiện chưa được lập chỉ mục,2026-04-12T09:02:43Z
https://thanhthaimotor.com/en/electromagnetic-brakes/electromagnetic-brake-1-1kw-1-5hp,PASS,Đã được gửi và lập chỉ mục,2026-06-01T00:34:13Z
https://thanhthaimotor.com/kien-thuc-dien-co/tu-van-dong-co-giam-toc/bao-gia-dong-co-giam-toc-nmrv-tu-1-1kw-den-3-7kw-chi-tiet-moi-nhat,PASS,Đã được gửi và lập chỉ mục,2026-05-10T04:11:18Z
"
                    https://thanhthaimotor.com/video/dong-co-giam-toc/video-review-motor-giam-toc-nmrv-75-3kw-4hp                ",PASS,Đã được gửi và lập chỉ mục,2026-06-08T08:09:43Z
https://thanhthaimotor.com/en/couplings/chain-coupling-kc12018,PASS,Đã được gửi và lập chỉ mục,2026-05-30T21:44:43Z
https://thanhthaimotor.com/en/gearboxes/udl-2-stage-2-2kw-r67-gearbox,NEUTRAL,Đã thu thập dữ liệu – hiện chưa được lập chỉ mục,2026-04-02T08:22:26Z
https://thanhthaimotor.com/dong-co-giam-toc/motor-giam-toc-wpo-50-0-18kw-0-25hp,PASS,Đã được gửi và lập chỉ mục,2026-06-08T14:34:18Z
https://thanhthaimotor.com/en/couplings/shaft-coupling-60mm,PASS,Đã được gửi và lập chỉ mục,2026-06-09T15:02:12Z
https://thanhthaimotor.com/kien-thuc-dien-co/tu-van-may-bom-nuoc/may-bom-chim-bi-chay,NEUTRAL,Đã thu thập dữ liệu – hiện chưa được lập chỉ mục,2026-05-05T10:43:49Z
https://thanhthaimotor.com/kien-thuc-dien-co/tu-van-khop-noi/khop-noi-rang-giai-phap-truyen-dong-manh-me-va-ben-bi-cho-cong-nghiep,PASS,Đã được gửi và lập chỉ mục,2026-06-08T06:32:38Z
https://thanhthaimotor.com/en/gearboxes/wpo-50-worm-gearbox,PASS,Đã được gửi và lập chỉ mục,2026-05-31T03:20:34Z
https://thanhthaimotor.com/hop-giam-toc/hop-giam-toc-truc-vit-wp-175,PASS,Đã được gửi và lập chỉ mục,2026-06-06T06:13:15Z
https://thanhthaimotor.com/hop-giam-toc/hop-giam-toc-vit-me-swld2-5-swl2-5,PASS,Đã được gửi và lập chỉ mục,2026-06-10T15:59:16Z
https://thanhthaimotor.com/en/gearboxes/worm-gearbox-wpx-175,PASS,Đã được gửi và lập chỉ mục,2026-06-08T18:39:36Z
https://thanhthaimotor.com/dong-co-giam-toc/motor-giam-toc-2-cap-nmrv-75-130,PASS,Đã được gửi và lập chỉ mục,2026-06-06T08:52:53Z
https://thanhthaimotor.com/en/gear-motors/wpdo-40-gear-motor-0-18kw-0-25hp,PASS,Đã được gửi và lập chỉ mục,2026-05-31T00:34:10Z
https://thanhthaimotor.com/en/variable-frequency-drives/schneider-variable-frequency-drive-15kw,NEUTRAL,Đã thu thập dữ liệu – hiện chưa được lập chỉ mục,2026-04-12T10:22:46Z
https://thanhthaimotor.com/en/variable-frequency-drives/invt-variable-frequency-drive-30kw,NEUTRAL,Đã thu thập dữ liệu – hiện chưa được lập chỉ mục,2026-04-15T04:11:45Z
https://thanhthaimotor.com/en/electromagnetic-brakes/electromagnetic-brake-22kw-30hp,NEUTRAL,Đã thu thập dữ liệu – hiện chưa được lập chỉ mục,2026-04-15T03:17:41Z
https://thanhthaimotor.com/en/vibratory-equipment/vibratory-equipment-0-5kw,PASS,Đã được gửi và lập chỉ mục,2026-06-01T00:42:31Z
https://thanhthaimotor.com/kien-thuc-dien-co/tu-van-dong-co-buoc/dong-co-buoc-alpha-step,NEUTRAL,Đã thu thập dữ liệu – hiện chưa được lập chỉ mục,2026-05-10T11:40:39Z
https://thanhthaimotor.com/kien-thuc-dien-co/tu-van-may-bom-nuoc/bang-gia-may-bom-nuoc-ly-tam-3-pha-moi-nhat,PASS,Đã được gửi và lập chỉ mục,2026-05-10T02:32:32Z
https://thanhthaimotor.com/dong-co-giam-toc/motor-giam-toc-3-cap-2-udl-0-37kw-va-1-wpdo-60,PASS,Đã được gửi và lập chỉ mục,2026-06-06T00:20:48Z
https://thanhthaimotor.com/kien-thuc-dien-co/tu-van-hop-giam-toc/cach-de-phan-biet-hop-giam-toc-wpda-va-wps,NEUTRAL,Đã phát hiện thấy – hiện chưa được lập chỉ mục,N/A
https://thanhthaimotor.com/may-bom-nuoc-tren-3-7kw-duoi-50m3-h,PASS,Đã được gửi và lập chỉ mục,2026-06-10T04:32:01Z
https://thanhthaimotor.com/may-bom-nuoc/bom-hut-chan-khong-30kw-40hp,PASS,Đã được gửi và lập chỉ mục,2026-06-08T02:18:08Z
https://thanhthaimotor.com/kien-thuc-dien-co/tu-van-may-bom-nuoc/bang-gia-may-bom-nuoc-hoa-tien-1-pha-gia-re,PASS,Đã được gửi và lập chỉ mục,2026-06-01T19:50:27Z
https://thanhthaimotor.com/kien-thuc-dien-co/tu-van-may-bom-nuoc/may-bom-chim-tuoi-cay-la-gi-ung-dung-thuc-te-va-cach-chon-phu-hop,PASS,Đã được gửi và lập chỉ mục,2026-05-29T03:02:27Z
https://thanhthaimotor.com/kien-thuc-dien-co/tu-van-hop-giam-toc/cac-cach-chong-ri-set-hop-giam-toc-trong-cong-nghiep,NEUTRAL,Google không xác định được URL,N/A
https://thanhthaimotor.com/kien-thuc-dien-co/tu-van-motor-rung/cac-loi-hu-hong-cua-may-dam-rung-be-tong,PASS,Đã được gửi và lập chỉ mục,2026-05-27T04:15:24Z
https://thanhthaimotor.com/kien-thuc-dien-co/tu-van-khop-noi/phan-loai-cac-loai-khop-noi-xich-pho-bien,NEUTRAL,Đã thu thập dữ liệu – hiện chưa được lập chỉ mục,2026-05-31T04:17:30Z
https://thanhthaimotor.com/kien-thuc-dien-co/tu-van-hop-giam-toc/bang-gia-hop-giam-toc-tai-nang-truc-thang-r-1-cap-moi-nhat,NEUTRAL,Đã thu thập dữ liệu – hiện chưa được lập chỉ mục,2026-05-10T04:11:17Z
https://thanhthaimotor.com/hop-giam-toc/hop-giam-toc-tai-nang-truc-vuong-goc-s-45kw,PASS,Đã được gửi và lập chỉ mục,2026-06-02T05:27:57Z
https://thanhthaimotor.com/kien-thuc-dien-co/tu-van-dong-co-giam-toc/cach-kiem-tra-ti-so-truyen-1-40-thuc-te-cua-motor-giam-toc,PASS,Đã được gửi và lập chỉ mục,2026-05-28T19:43:20Z
https://thanhthaimotor.com/en/electromagnetic-brakes/electromagnetic-brake-3kw-4hp,PASS,Đã được gửi và lập chỉ mục,2026-06-08T08:14:26Z
https://thanhthaimotor.com/kien-thuc-dien-co/tu-van-hop-giam-toc/hop-giam-toc-banh-rang-tru-90-cau-tao-uu-diem-va-cach-chon-phu-hop-nhat,NEUTRAL,Đã thu thập dữ liệu – hiện chưa được lập chỉ mục,2026-05-05T11:35:56Z
"
                    https://thanhthaimotor.com/video/dong-co-giam-toc/video-review-motor-giam-toc-wpo-120-4kw-5-5hp                ",PASS,Đã được gửi và lập chỉ mục,2026-06-08T06:10:30Z
https://thanhthaimotor.com/kien-thuc-dien-co/tu-van-may-bom-nuoc/may-bom-chim-ho-mong-la-gi-cau-tao-nguyen-ly-hoat-dong-va-cach-chon-bom-hieu-qua,PASS,Đã được gửi và lập chỉ mục,2026-05-29T01:57:03Z
https://thanhthaimotor.com/hop-giam-toc/hop-giam-toc-2-cap-udl-0-8kw-r47,PASS,Đã được gửi và lập chỉ mục,2026-06-10T03:21:42Z
https://thanhthaimotor.com/en/gear-motors/gear-motor-wpdo-100-1-5kw-2hp,NEUTRAL,Đã thu thập dữ liệu – hiện chưa được lập chỉ mục,2026-04-29T10:24:49Z
https://thanhthaimotor.com/may-bom-nuoc/may-bom-nuoc-teco-5-5kw-7-5hp,PASS,Đã được gửi và lập chỉ mục,2026-06-06T06:04:16Z
https://thanhthaimotor.com/dong-co-giam-toc/motor-giam-toc-wpx-80-1-5kw-2hp,PASS,Đã được gửi và lập chỉ mục,2026-05-28T12:26:47Z
https://thanhthaimotor.com/dong-co-giam-toc/motor-giam-toc-wpx-250-15kw-20hp,PASS,Đã được gửi và lập chỉ mục,2026-06-01T13:48:21Z
https://thanhthaimotor.com/en/vibratory-equipment/vibratory-equipment-1-3kw,NEUTRAL,Đã thu thập dữ liệu – hiện chưa được lập chỉ mục,2026-04-13T17:08:21Z
"
                    https://thanhthaimotor.com/video/dong-co-giam-toc/video-review-motor-giam-toc-nmrv-130-5-5kw-7-5hp                ",NEUTRAL,Đã phát hiện thấy – hiện chưa được lập chỉ mục,N/A
https://thanhthaimotor.com/dong-co-giam-toc/motor-giam-toc-wpds-155-5-5kw-7-5hp,PASS,Đã được gửi và lập chỉ mục,2026-06-01T00:16:57Z
https://thanhthaimotor.com/dong-co-dien/motor-bien-tan-3-pha-45kw-60hp,PASS,Đã được gửi và lập chỉ mục,2026-06-08T03:54:31Z
"
                    https://thanhthaimotor.com/video/hop-giam-toc/video-review-hop-giam-toc-nmrv-110                ",PASS,Đã được gửi và lập chỉ mục,2026-06-08T06:43:10Z
"
                    https://thanhthaimotor.com/video/dong-co-giam-toc/video-review-motor-giam-toc-2-cap-udl-0-8kw-cycloid-x2                ",PASS,Đã được gửi và lập chỉ mục,2026-06-08T07:39:05Z
https://thanhthaimotor.com/kien-thuc-dien-co/tu-van-motor-rung/nhung-luu-y-khi-su-dung-motor-rung,PASS,Đã được gửi và lập chỉ mục,2026-06-08T10:46:41Z
https://thanhthaimotor.com/dong-co-giam-toc-phanh-tu-thang-tu,PASS,Đã được gửi và lập chỉ mục,2026-06-08T00:15:26Z
https://thanhthaimotor.com/hop-giam-toc-vit-me-giam-toc-nang-ha,PASS,Đã được gửi và lập chỉ mục,2026-06-07T11:28:15Z
https://thanhthaimotor.com/en/gearboxes/3-stage-gearbox-2-udl-0-8kw-and-1-nmrv-63,PASS,Đã được gửi và lập chỉ mục,2026-06-07T14:43:11Z
https://thanhthaimotor.com/hop-giam-toc/hop-giam-toc-truc-vit-wpx-80,PASS,Đã được gửi và lập chỉ mục,2026-06-01T18:25:47Z
https://thanhthaimotor.com/dong-co-giam-toc/motor-giam-toc-tai-nang-truc-song-song-f-5-5kw-7-5hp,PASS,Đã được gửi và lập chỉ mục,2026-06-06T14:13:36Z
https://thanhthaimotor.com/hop-giam-toc/hop-giam-toc-2-cap-udl-2-2kw-wpdx-120,PASS,Đã được gửi và lập chỉ mục,2026-05-28T20:29:36Z
https://thanhthaimotor.com/en/water-pumps/submersible-pump-0-37kw-0-5hp,PASS,Đã được gửi và lập chỉ mục,2026-05-29T19:19:39Z
https://thanhthaimotor.com/en/electric-motors/3-phase-electric-motor-160kw-220hp,PASS,Đã được gửi và lập chỉ mục,2026-05-28T16:22:52Z
https://thanhthaimotor.com/kien-thuc-dien-co/tu-van-bien-tan/bang-gia-bien-tan-fuji-duoi-10kw-moi-nhat,PASS,Đã được gửi và lập chỉ mục,2026-05-10T02:16:28Z
https://thanhthaimotor.com/dong-co-giam-toc/motor-giam-toc-wpda-40-0-18kw-0-25hp,PASS,Đã được gửi và lập chỉ mục,2026-06-03T10:45:11Z
"
                    https://thanhthaimotor.com/video/hop-giam-toc/video-review-hop-giam-toc-3-cap-2-udl-1-5kw-va-1-wpda-100                ",PASS,Đã được gửi và lập chỉ mục,2026-06-08T08:23:18Z
"
                    https://thanhthaimotor.com/video/dong-co-dien/video-review-dong-co-dien-3-pha-0-18kw-0-25hp                ",PASS,Đã được gửi và lập chỉ mục,2026-06-08T02:11:52Z
https://thanhthaimotor.com/en/water-pumps/lepono-xjwm3bl-brass-impeller-high-head-jet-water-pump-1-5kw-2hp,NEUTRAL,Đã thu thập dữ liệu – hiện chưa được lập chỉ mục,2026-05-30T01:26:46Z
https://thanhthaimotor.com/en/gearboxes/udl-2-stage-gearbox-0-37kw-r37,PASS,Đã được gửi và lập chỉ mục,2026-06-04T18:03:14Z
https://thanhthaimotor.com/en/centrifugal-fan-bearings/centrifugal-fan-bearing-6311,PASS,Đã được gửi và lập chỉ mục,2026-06-09T12:35:18Z
https://thanhthaimotor.com/kien-thuc-dien-co/tu-van-bien-tan/cach-cai-dat-bien-tan-arinco-chuan-ky-thuat-va-an-toan-su-dung,PASS,Đã được gửi và lập chỉ mục,2026-06-10T14:49:15Z
https://thanhthaimotor.com/en/gear-motors/wps-60-gear-motor-0-25kw-0-34hp,PASS,Đã được gửi và lập chỉ mục,2026-06-08T04:15:25Z
https://thanhthaimotor.com/kien-thuc-dien-co/tu-van-may-bom-nuoc/may-bom-nuoc-gieng-khoan-gia-bao-nhieu,PASS,Đã được gửi và lập chỉ mục,2026-06-02T15:05:30Z
"
                    https://thanhthaimotor.com/video/dong-co-giam-toc/video-review-motor-giam-toc-wps-60-0-25kw-0-34hp                ",PASS,Đã được gửi và lập chỉ mục,2026-06-08T06:39:22Z
https://thanhthaimotor.com/kien-thuc-dien-co/tu-van-dong-co-dien/dieu-chinh-toc-do-dong-co-1-pha-huong-dan-toan-dien,PASS,Đã được gửi và lập chỉ mục,2026-06-01T04:40:22Z
https://thanhthaimotor.com/kien-thuc-dien-co/tu-van-may-bom-nuoc/so-do-may-bom-nuoc-2-pha,NEUTRAL,Đã phát hiện thấy – hiện chưa được lập chỉ mục,N/A
https://thanhthaimotor.com/dong-co-dien/dong-co-phong-no-2-2kw-3hp,PASS,Đã được gửi và lập chỉ mục,2026-05-31T23:00:27Z
https://thanhthaimotor.com/kien-thuc-dien-co/tu-van-may-bom-nuoc/top-5-may-bom-nuoc-hut-sau-30m-tot-nhat-tai-thanh-thai-motor,PASS,Đã được gửi và lập chỉ mục,2026-06-08T01:44:20Z
https://thanhthaimotor.com/en/gearboxes/worm-gearbox-wpdks-250,PASS,Đã được gửi và lập chỉ mục,2026-05-31T06:57:43Z
https://thanhthaimotor.com/kien-thuc-dien-co/tu-van-hop-giam-toc/phan-tich-do-ro-nmrv-tam-quan-trong-va-cach-kiem-soat-hieu-qua,NEUTRAL,Đã phát hiện thấy – hiện chưa được lập chỉ mục,N/A
https://thanhthaimotor.com/hop-giam-toc/bo-dieu-chinh-toc-do-motor-3-7kw-5hp,PASS,Đã được gửi và lập chỉ mục,2026-06-10T17:31:50Z
https://thanhthaimotor.com/en/gearboxes/worm-gearbox-wpo-155,NEUTRAL,Đã thu thập dữ liệu – hiện chưa được lập chỉ mục,2026-05-07T19:22:17Z
https://thanhthaimotor.com/en/3-stage-gearboxes,PASS,Đã được gửi và lập chỉ mục,2026-06-07T15:26:21Z
"
                    https://thanhthaimotor.com/video/dong-co-dien/video-huong-dan-dau-day-dong-co-dien-1-pha                ",PASS,Đã được gửi và lập chỉ mục,2026-06-08T01:32:46Z
https://thanhthaimotor.com/hop-giam-toc/hop-giam-toc-3-cap-2-udl-0-37kw-va-1-cycloid-x0,PASS,Đã được gửi và lập chỉ mục,2026-05-24T21:08:57Z
https://thanhthaimotor.com/may-bom-nuoc/may-bom-chim-7-5kw-10hp,PASS,Đã được gửi và lập chỉ mục,2026-05-21T14:17:00Z
https://thanhthaimotor.com/may-bom-nuoc/bom-hut-chan-khong-dau-lien-0-8kw-1hp,PASS,Đã được gửi và lập chỉ mục,2026-06-08T21:12:22Z
https://thanhthaimotor.com/en/gear-motors/wpo-100-gear-motor-1-1kw-1-5hp,PASS,Đã được gửi và lập chỉ mục,2026-06-01T19:59:46Z
https://thanhthaimotor.com/en/gear-motors/3-stage-gear-motor-2-udl-1-5kw-and-1-r57,PASS,Đã được gửi và lập chỉ mục,2026-06-03T12:23:44Z
https://thanhthaimotor.com/kien-thuc-dien-co/tu-van-may-bom-nuoc/may-bom-chim-cot-ap-cao-la-gi-cau-tao-nguyen-ly-va-ung-dung-trong-cong-nghiep,PASS,Đã được gửi và lập chỉ mục,2026-06-06T13:00:19Z
https://thanhthaimotor.com/hop-giam-toc/hop-so-giam-toc-cycloid-15kw-20hp,PASS,Đã được gửi và lập chỉ mục,2026-06-07T23:49:03Z
https://thanhthaimotor.com/bien-tan-mitsubishi,PASS,Đã được gửi và lập chỉ mục,2026-06-01T02:42:07Z
https://thanhthaimotor.com/hop-giam-toc/hop-giam-toc-tai-nang-truc-song-song-f-15kw,NEUTRAL,Đã thu thập dữ liệu – hiện chưa được lập chỉ mục,2026-05-29T17:48:33Z
https://thanhthaimotor.com/kien-thuc-dien-co/tu-van-may-bom-nuoc/nen-dung-may-bom-tang-ap-co-hay-dien-tu,NEUTRAL,Đã thu thập dữ liệu – hiện chưa được lập chỉ mục,2026-05-05T12:34:54Z
https://thanhthaimotor.com/khop-noi/khop-noi-truc-95mm,PASS,Đã được gửi và lập chỉ mục,2026-06-05T09:28:59Z
https://thanhthaimotor.com/en/brake-motors-above-3-7kw,NEUTRAL,Đã thu thập dữ liệu – hiện chưa được lập chỉ mục,2026-04-06T06:18:53Z
https://thanhthaimotor.com/kien-thuc-dien-co/tu-van-dong-co-dien/bo-dieu-khien-dong-co-khong-choi-than-giai-phap-toi-uu-cho-hieu-suat-van-hanh,PASS,Đã được gửi và lập chỉ mục,2026-06-08T09:49:15Z
https://thanhthaimotor.com/en/gearboxes/3-stage-gearbox-2-udl-0-8kw-1-wpda-70,PASS,Đã được gửi và lập chỉ mục,2026-06-08T07:44:05Z
https://thanhthaimotor.com/bien-tan-tren-10kw-mitsubishi,PASS,Đã được gửi và lập chỉ mục,2026-06-01T17:54:03Z
https://thanhthaimotor.com/may-bom-nuoc/may-bom-nuoc-day-cao-lepono-xcm146,PASS,Đã được gửi và lập chỉ mục,2026-05-28T19:56:22Z
https://thanhthaimotor.com/bien-tan/bien-tan-abb-22kw,PASS,Đã được gửi và lập chỉ mục,2026-05-29T08:23:56Z
https://thanhthaimotor.com/dong-co-dien/dong-co-phong-no-1-1kw-1-5hp,PASS,Đã được gửi và lập chỉ mục,2026-06-03T07:31:17Z
"
                    https://thanhthaimotor.com/video/dong-co-giam-toc/video-review-motor-giam-toc-nmrv-75-0-75kw-1hp                ",PASS,Đã được gửi và lập chỉ mục,2026-06-08T01:48:45Z
https://thanhthaimotor.com/en/electric-motors/hydraulic-pump-1-1kw-1-5hp,PASS,Đã được gửi và lập chỉ mục,2026-06-07T03:20:05Z
https://thanhthaimotor.com/quat-thoi-khi/motor-quat-thoi-11kw-15hp,PASS,Đã được gửi và lập chỉ mục,2026-06-05T20:26:07Z
https://thanhthaimotor.com/en/variable-frequency-drives/fuji-variable-frequency-drive-0-75kw,NEUTRAL,Đã thu thập dữ liệu – hiện chưa được lập chỉ mục,2026-04-12T09:08:32Z
https://thanhthaimotor.com/hop-giam-toc/hop-giam-toc-truc-vit-wpwka-50,PASS,Đã được gửi và lập chỉ mục,2026-05-21T21:20:03Z
https://thanhthaimotor.com/en/couplings/48mm-shaft-coupling,PASS,Đã được gửi và lập chỉ mục,2026-05-29T20:53:49Z
"
                    https://thanhthaimotor.com/video/dong-co-giam-toc/video-review-motor-giam-toc-wpa-80-1-5kw-2hp                ",NEUTRAL,Đã phát hiện thấy – hiện chưa được lập chỉ mục,N/A
https://thanhthaimotor.com/en/siemens-variable-frequency-drives-under-10kw,PASS,Đã được gửi và lập chỉ mục,2026-05-31T02:20:16Z
https://thanhthaimotor.com/hop-giam-toc/hop-giam-toc-2-cap-udl-0-37kw-nmrv-50,PASS,Đã được gửi và lập chỉ mục,2026-06-08T23:21:21Z
https://thanhthaimotor.com/quat-thoi-khi/motor-quat-thoi-22kw-30hp,PASS,Đã được gửi và lập chỉ mục,2026-05-28T12:28:39Z
https://thanhthaimotor.com/kien-thuc-dien-co/tu-van-hop-giam-toc/dau-boi-tron-zq-huong-dan-toan-dien-cho-hop-giam-toc,NEUTRAL,Đã thu thập dữ liệu – hiện chưa được lập chỉ mục,2026-06-08T00:13:34Z
https://thanhthaimotor.com/en/stepper-motors/brake-stepper-motor-size-86,PASS,Đã được gửi và lập chỉ mục,2026-06-10T00:25:01Z
https://thanhthaimotor.com/bien-tan-schneider,PASS,Đã được gửi và lập chỉ mục,2026-06-07T09:17:08Z
https://thanhthaimotor.com/bien-tan/bien-tan-schneider-1-5kw,PASS,Đã được gửi và lập chỉ mục,2026-06-03T20:57:46Z
https://thanhthaimotor.com/hop-giam-toc/hop-giam-toc-truc-vit-wpdo-50,PASS,Đã được gửi và lập chỉ mục,2026-05-28T19:46:18Z
https://thanhthaimotor.com/en/gearboxes/2-stage-udl-0-8kw-nmrv-63-gearbox,PASS,Đã được gửi và lập chỉ mục,2026-06-10T04:45:20Z
https://thanhthaimotor.com/video/dong-co-buoc,PASS,Đã được gửi và lập chỉ mục,2026-06-09T02:05:06Z
https://thanhthaimotor.com/kien-thuc-dien-co/tu-van-may-bom-nuoc/huong-dan-cach-lam-may-bom-nuoc-don-gian-tai-nha-chi-voi-5-buoc,PASS,Đã được gửi và lập chỉ mục,2026-06-03T18:01:02Z
"
                    https://thanhthaimotor.com/video/dong-co-giam-toc/video-giai-ma-tat-ca-ki-hieu-tren-motor-giam-toc                ",PASS,Đã được gửi và lập chỉ mục,2026-05-31T09:25:54Z
https://thanhthaimotor.com/dong-co-giam-toc/motor-giam-toc-wpa-100-1-1kw-1-5hp,PASS,Đã được gửi và lập chỉ mục,2026-04-27T18:27:21Z
https://thanhthaimotor.com/kien-thuc-dien-co/tu-van-may-bom-nuoc/cach-chon-motor-bom-nuoc-2hp,PASS,Đã được gửi và lập chỉ mục,2026-06-09T04:04:07Z
https://thanhthaimotor.com/en/water-pumps/vacuum-pump-22kw-30hp,PASS,Đã được gửi và lập chỉ mục,2026-05-29T13:14:50Z
https://thanhthaimotor.com/dong-co-dien/dong-co-dien-3-pha-75kw-100hp,PASS,Đã được gửi và lập chỉ mục,2026-06-06T18:43:14Z
https://thanhthaimotor.com/may-bom-nuoc/may-bom-nuoc-teco-1-5kw-2hp,PASS,Đã được gửi và lập chỉ mục,2026-06-05T03:33:12Z
"
                    https://thanhthaimotor.com/video/may-bom-nuoc/video-review-may-bom-hoa-tien-1-1kw-1-5hp                ",PASS,Đã được gửi và lập chỉ mục,2026-06-09T10:36:03Z
"
                    https://thanhthaimotor.com/video/may-bom-nuoc/video-review-may-bom-hoa-tien-5-5kw-7-5hp                ",PASS,Đã được gửi và lập chỉ mục,2026-06-08T08:38:01Z
https://thanhthaimotor.com/en/gear-motors/wpa-100-gear-motor-1-1kw-1-5hp,PASS,Đã được gửi và lập chỉ mục,2026-06-03T15:08:12Z
https://thanhthaimotor.com/dong-co-dien/may-bom-dau-thuy-luc-0-55kw-0-75hp,PASS,Đã được gửi và lập chỉ mục,2026-06-08T09:12:44Z
https://thanhthaimotor.com/en/variable-frequency-drives/abb-variable-frequency-drive-37kw,NEUTRAL,Đã thu thập dữ liệu – hiện chưa được lập chỉ mục,2026-04-15T16:41:05Z
"
                    https://thanhthaimotor.com/video/dong-co-dien/video-review-dong-co-dien-3-pha-18-5kw-25hp                ",PASS,Đã được gửi và lập chỉ mục,2026-06-08T08:37:52Z
https://thanhthaimotor.com/dong-co-giam-toc/motor-giam-toc-3-cap-2-udl-2-2kw-va-1-wpdx-120,PASS,Đã được gửi và lập chỉ mục,2026-05-21T18:14:15Z
https://thanhthaimotor.com/en/gearboxes/wpx-50-worm-gearbox,PASS,Đã được gửi và lập chỉ mục,2026-06-07T13:23:33Z
https://thanhthaimotor.com/hop-giam-toc/hop-giam-toc-truc-vit-wpx-135,PASS,Đã được gửi và lập chỉ mục,2026-06-06T04:13:39Z
https://thanhthaimotor.com/kien-thuc-dien-co/tu-van-dong-co-dien/tu-de-motor-1-pha,PASS,Đã được gửi và lập chỉ mục,2026-06-08T07:24:33Z
https://thanhthaimotor.com/en/submersible-pumps-over-3-7kw,NEUTRAL,Đã thu thập dữ liệu – hiện chưa được lập chỉ mục,2026-04-17T00:16:17Z
https://thanhthaimotor.com/en/stepper-motors/1-8nm-stepper-motor,NEUTRAL,Đã thu thập dữ liệu – hiện chưa được lập chỉ mục,2026-04-09T05:03:40Z
https://thanhthaimotor.com/bien-tan/bien-tan-schneider-7-5kw,PASS,Đã được gửi và lập chỉ mục,2026-06-06T02:12:31Z
https://thanhthaimotor.com/en/gear-motors/2-stage-udl-1-5kw-wpda-80-gear-motor,PASS,Đã được gửi và lập chỉ mục,2026-06-06T12:29:43Z
https://thanhthaimotor.com/may-bom-nuoc/bom-tang-ap-0-55kw-0-75hp,PASS,Đã được gửi và lập chỉ mục,2026-06-08T04:35:14Z
https://thanhthaimotor.com/en/gearboxes/udl-2-stage-variable-speed-gearbox-1-5kw-wpds-100,PASS,Đã được gửi và lập chỉ mục,2026-06-08T02:05:51Z
https://thanhthaimotor.com/en/electric-motors/1-phase-electric-motor-4kw-5-5hp,PASS,Đã được gửi và lập chỉ mục,2026-06-01T16:04:13Z
https://thanhthaimotor.com/en/nmrv-gear-motors-above-3-7kw,NEUTRAL,Đã thu thập dữ liệu – hiện chưa được lập chỉ mục,2026-05-11T15:51:30Z
https://thanhthaimotor.com/en/water-pumps/teco-water-pump-7-5kw-10hp,PASS,Đã được gửi và lập chỉ mục,2026-05-31T22:08:54Z
https://thanhthaimotor.com/en/electric-motors/brake-motor-45kw-60hp,PASS,Đã được gửi và lập chỉ mục,2026-06-02T13:39:54Z
https://thanhthaimotor.com/bien-tan/bien-tan-siemens-22kw,PASS,Đã được gửi và lập chỉ mục,2026-06-06T03:41:35Z
https://thanhthaimotor.com/en/electric-motors/explosion-proof-motor-45kw-60hp,PASS,Đã được gửi và lập chỉ mục,2026-06-04T06:36:54Z
https://thanhthaimotor.com/kien-thuc-dien-co/tu-van-may-bom-nuoc/cach-chon-va-lap-gia-do-may-bom-nuoc-chuan-ky-thuat,PASS,Đã được gửi và lập chỉ mục,2026-05-29T00:12:32Z
https://thanhthaimotor.com/bien-tan-abb,PASS,Đã được gửi và lập chỉ mục,2026-06-01T14:36:55Z
https://thanhthaimotor.com/dong-co-dien/dong-co-dien-3-pha-280kw-380hp,PASS,Đã được gửi và lập chỉ mục,2026-06-05T16:04:46Z
https://thanhthaimotor.com/dong-co-giam-toc/motor-giam-toc-nmrv-40-0-25kw-0-34hp,PASS,Đã được gửi và lập chỉ mục,2026-06-08T06:05:31Z
https://thanhthaimotor.com/en/variable-frequency-drives/fuji-variable-frequency-drive-2-2kw,PASS,Đã được gửi và lập chỉ mục,2026-05-31T20:02:42Z
https://thanhthaimotor.com/hop-giam-toc/hop-giam-toc-truc-vit-wpa-40,PASS,Đã được gửi và lập chỉ mục,2026-06-08T09:48:35Z
https://thanhthaimotor.com/dong-co-giam-toc-tai-nang-truc-thang-r-duoi-1-1kw,NEUTRAL,Đã thu thập dữ liệu – hiện chưa được lập chỉ mục,2026-04-04T20:36:28Z
"
                    https://thanhthaimotor.com/video/may-bom-nuoc/video-review-bom-hut-chan-khong-11kw-15hp                ",PASS,Đã được gửi và lập chỉ mục,2026-05-30T09:22:54Z
https://thanhthaimotor.com/en/2-stage-mechanical-speed-variators,PASS,Đã được gửi và lập chỉ mục,2026-06-07T21:31:23Z
"
                    https://thanhthaimotor.com/video/hop-giam-toc/video-review-hop-giam-toc-nmrv-90                ",PASS,Đã được gửi và lập chỉ mục,2026-06-08T02:26:08Z
"
                    https://thanhthaimotor.com/video/hop-giam-toc/video-review-hop-giam-toc-2-cap-udl-0-37kw-nmrv-50                ",PASS,Đã được gửi và lập chỉ mục,2026-06-08T00:40:57Z
https://thanhthaimotor.com/en/water-pumps/3-phase-water-pump-22kw-30hp,PASS,Đã được gửi và lập chỉ mục,2026-05-31T14:59:15Z
https://thanhthaimotor.com/kien-thuc-dien-co/tu-van-may-bom-nuoc/top-may-bom-nuoc-tot-nhat-hien-nay-lua-chon-toi-uu-cho-moi-nhu-cau,NEUTRAL,Đã thu thập dữ liệu – hiện chưa được lập chỉ mục,2026-05-29T12:49:26Z
"
                    https://thanhthaimotor.com/video/hop-giam-toc/video-review-hop-so-giam-toc-cycloid-5-5kw-7-5hp                ",PASS,Đã được gửi và lập chỉ mục,2026-06-01T10:17:50Z
https://thanhthaimotor.com/may-bom-nuoc/may-bom-nuoc-day-cao-5-5kw-7-5hp,PASS,Đã được gửi và lập chỉ mục,2026-05-29T20:40:12Z
"
                    https://thanhthaimotor.com/video/dong-co-dien/tong-hop-video-xuat-kho-tu-ngay-18-05-2026-den-23-05-2026                ",PASS,Đã được gửi và lập chỉ mục,2026-05-23T09:36:23Z
https://thanhthaimotor.com/en/electric-motors/1-phase-electric-motor-1-1kw-1-5hp,PASS,Đã được gửi và lập chỉ mục,2026-06-11T04:26:32Z
https://thanhthaimotor.com/dong-co-giam-toc/motor-giam-toc-mini-120w,PASS,Đã được gửi và lập chỉ mục,2026-06-11T03:11:41Z
https://thanhthaimotor.com/kien-thuc-dien-co/tu-van-may-bom-nuoc/top-10-may-bom-ly-tam-cong-suat-lon-ben-bi-hieu-suat-cao,NEUTRAL,Google không xác định được URL,N/A
https://thanhthaimotor.com/dong-co-dien/dong-co-phong-no-1-5kw-2hp,PASS,Đã được gửi và lập chỉ mục,2026-06-04T06:30:05Z
"
                    https://thanhthaimotor.com/video/dong-co-giam-toc/video-review-motor-giam-toc-2-cap-udl-0-8kw-r47                ",PASS,Đã được gửi và lập chỉ mục,2026-06-08T20:23:09Z
https://thanhthaimotor.com/may-bom-nuoc-teco-tren-50m3-h,PASS,Đã được gửi và lập chỉ mục,2026-06-06T02:29:23Z
https://thanhthaimotor.com/kien-thuc-dien-co/tu-van-khop-noi/cac-loai-khop-noi-thuy-luc,PASS,Đã được gửi và lập chỉ mục,2026-05-29T08:50:21Z
https://thanhthaimotor.com/hop-giam-toc/hop-giam-toc-nmrv-40,PASS,Đã được gửi và lập chỉ mục,2026-05-29T07:10:07Z
https://thanhthaimotor.com/en/gear-motors/wpo-120-gear-motor-2-2kw-3hp,PASS,Đã được gửi và lập chỉ mục,2026-05-28T12:27:42Z
https://thanhthaimotor.com/kien-thuc-dien-co/tu-van-dong-co-dien/huong-dan-cach-dua-day-dong-vao-ranh-stator,NEUTRAL,Đã thu thập dữ liệu – hiện chưa được lập chỉ mục,2026-05-05T09:08:53Z
https://thanhthaimotor.com/dong-co-giam-toc-tren-3-7kw,PASS,Đã được gửi và lập chỉ mục,2026-06-05T02:17:02Z
https://thanhthaimotor.com/bien-tan/bien-tan-mitsubishi-30kw,PASS,Đã được gửi và lập chỉ mục,2026-06-10T16:37:07Z
https://thanhthaimotor.com/en/1-phase-electric-motors-above-3-7kw,NEUTRAL,Đã thu thập dữ liệu – hiện chưa được lập chỉ mục,2026-05-11T13:41:48Z
https://thanhthaimotor.com/en/gear-motors/mini-250w-gear-motor,NEUTRAL,Đã thu thập dữ liệu – hiện chưa được lập chỉ mục,2026-05-01T07:23:51Z
https://thanhthaimotor.com/dong-co-giam-toc/motor-giam-toc-wpdo-40-0-18kw-0-25hp,PASS,Đã được gửi và lập chỉ mục,2026-06-06T18:51:00Z
https://thanhthaimotor.com/kien-thuc-dien-co/tu-van-may-bom-nuoc/so-do-nguyen-ly-bom-tang-ap-hieu-ro-cau-tao-va-van-hanh,NEUTRAL,Đã thu thập dữ liệu – hiện chưa được lập chỉ mục,2026-05-05T12:43:17Z
"
                    https://thanhthaimotor.com/video/hop-giam-toc/video-review-hop-giam-toc-truc-vit-wpda-50                ",PASS,Đã được gửi và lập chỉ mục,2026-04-23T07:56:42Z
"
                    https://thanhthaimotor.com/video/dong-co-dien/video-review-dong-co-dien-3-pha-1-5kw-2hp                ",PASS,Đã được gửi và lập chỉ mục,2026-06-08T08:35:57Z
https://thanhthaimotor.com/en,PASS,Đã được gửi và lập chỉ mục,2026-06-08T00:23:11Z
"
                    https://thanhthaimotor.com/video/dong-co-giam-toc/video-review-motor-giam-toc-wpx-80-1-5kw-2hp                ",PASS,Đã được gửi và lập chỉ mục,2026-05-22T19:23:26Z
https://thanhthaimotor.com/en/electric-motors/3-phase-inverter-duty-motor-132kw-180hp,PASS,Đã được gửi và lập chỉ mục,2026-06-03T12:31:57Z
https://thanhthaimotor.com/en/gear-motors/3-phase-gear-motor-3-7kw-5hp,PASS,Đã được gửi và lập chỉ mục,2026-06-08T07:41:33Z
https://thanhthaimotor.com/kien-thuc-dien-co/tu-van-may-bom-nuoc/may-bom-ly-tam-truc-dung-la-gi-giai-phap-hieu-qua-cho-cong-nghiep,PASS,Đã được gửi và lập chỉ mục,2026-05-29T16:52:16Z
https://thanhthaimotor.com/en/gear-motors/wpds-155-gear-motor-5-5kw-7-5hp,PASS,Đã được gửi và lập chỉ mục,2026-05-20T23:58:55Z
https://thanhthaimotor.com/en/gearboxes/wpx-80-worm-gearbox,PASS,Đã được gửi và lập chỉ mục,2026-05-31T09:05:23Z
https://thanhthaimotor.com/may-bom-nuoc/bom-tang-ap-0-37kw-0-5hp,PASS,Đã được gửi và lập chỉ mục,2026-06-05T23:15:14Z
https://thanhthaimotor.com/en/variable-frequency-drives/siemens-variable-frequency-drive-22kw,PASS,Đã được gửi và lập chỉ mục,2026-06-06T11:15:47Z
https://thanhthaimotor.com/kien-thuc-dien-co/tu-van-hop-giam-toc/dau-boi-tron-chuyen-dung-cho-nmrv-chinh-hang,PASS,Đã được gửi và lập chỉ mục,2026-05-30T23:25:47Z
https://thanhthaimotor.com/en/gearboxes/wpwka-80-worm-gearbox,PASS,Đã được gửi và lập chỉ mục,2026-05-31T17:17:14Z
https://thanhthaimotor.com/dong-co-giam-toc/motor-giam-toc-wpdx-100-1-1kw-1-5hp,PASS,Đã được gửi và lập chỉ mục,2026-05-31T16:20:10Z
https://thanhthaimotor.com/dong-co-giam-toc/motor-giam-toc-2-cap-nmrv-63-90,PASS,Đã được gửi và lập chỉ mục,2026-05-31T17:19:35Z
https://thanhthaimotor.com/en/gearboxes/k-series-helical-bevel-gearbox-11kw-15hp,PASS,Đã được gửi và lập chỉ mục,2026-05-28T09:11:57Z
"
                    https://thanhthaimotor.com/video/dong-co-giam-toc/video-review-motor-giam-toc-wpa-100-1-5kw-2hp                ",NEUTRAL,Đã phát hiện thấy – hiện chưa được lập chỉ mục,N/A
https://thanhthaimotor.com/hop-giam-toc-2-cap-nmrv,PASS,Đã được gửi và lập chỉ mục,2026-05-31T21:47:31Z
https://thanhthaimotor.com/kien-thuc-dien-co/tu-van-dong-co-giam-toc/cac-loai-motor-giam-toc-cot-am,PASS,Đã được gửi và lập chỉ mục,2026-06-07T03:43:45Z
https://thanhthaimotor.com/kien-thuc-dien-co/tu-van-may-bom-nuoc/top-5-may-bom-nuoc-20m3-h-giai-phap-thiet-ke-va-toi-uu,PASS,Đã được gửi và lập chỉ mục,2026-05-05T12:41:08Z
https://thanhthaimotor.com/en/electric-motors/3-phase-inverter-duty-motor-75kw-100hp,PASS,Đã được gửi và lập chỉ mục,2026-06-01T03:56:00Z
https://thanhthaimotor.com/en/vibratory-equipment/mini-vibratory-equipment-0-02kw,PASS,Đã được gửi và lập chỉ mục,2026-06-04T04:00:05Z
https://thanhthaimotor.com/en/gear-motors/heavy-duty-k-series-helical-bevel-gear-motor-11kw-15hp,PASS,Đã được gửi và lập chỉ mục,2026-06-03T08:02:37Z
https://thanhthaimotor.com/en/water-pumps/close-coupled-vacuum-pump-1-5kw-2hp,NEUTRAL,Đã thu thập dữ liệu – hiện chưa được lập chỉ mục,2026-05-11T00:16:28Z
https://thanhthaimotor.com/thang-tu/thang-tu-18-5kw-25hp,PASS,Đã được gửi và lập chỉ mục,2026-06-05T15:54:56Z
https://thanhthaimotor.com/may-bom-nuoc/may-bom-nuoc-day-cao-dau-jet-canh-dong-lepono-xjwm3bl,PASS,Đã được gửi và lập chỉ mục,2026-05-29T18:20:24Z
https://thanhthaimotor.com/khop-noi/khop-noi-xich-kc4012,PASS,Đã được gửi và lập chỉ mục,2026-06-01T13:37:56Z
https://thanhthaimotor.com/kien-thuc-dien-co/tu-van-may-bom-nuoc/may-bom-nuoc-luc-chay-luc-khong-nguyen-nhan-giai-phap-tu-a-z,NEUTRAL,Đã phát hiện thấy – hiện chưa được lập chỉ mục,N/A
https://thanhthaimotor.com/dong-co-giam-toc-1-pha-duoi-1-1kw,PASS,Đã được gửi và lập chỉ mục,2026-06-05T15:20:51Z
https://thanhthaimotor.com/kien-thuc-dien-co/tu-van-may-bom-nuoc/giai-ma-thong-so-may-bom-nuoc-huong-dan-chon-may-bom-chuan-xac,PASS,Đã được gửi và lập chỉ mục,2026-05-29T12:48:50Z
https://thanhthaimotor.com/dong-co-giam-toc/motor-giam-toc-nmrv-30-0-09kw-0-12hp,PASS,Đã được gửi và lập chỉ mục,2026-06-09T00:27:36Z
https://thanhthaimotor.com/kien-thuc-dien-co/tu-van-dong-co-dien/cac-loai-dong-co-dien-cong-suat-lon,PASS,Đã được gửi và lập chỉ mục,2026-06-07T02:23:00Z
https://thanhthaimotor.com/en/gearboxes/wpdx-175-worm-gearbox,PASS,Đã được gửi và lập chỉ mục,2026-06-06T06:09:40Z
"
                    https://thanhthaimotor.com/video/hop-giam-toc/video-review-hop-giam-toc-3-cap-2-udl-1-5kw-va-1-wpdo-80                ",PASS,Đã được gửi và lập chỉ mục,2026-05-31T21:48:37Z
"
                    https://thanhthaimotor.com/video/dong-co-dien/video-review-dong-co-dien-co-phanh-0-25kw-0-34hp                ",PASS,Đã được gửi và lập chỉ mục,2026-06-08T07:39:02Z
https://thanhthaimotor.com/en/gearboxes/f-series-parallel-shaft-helical-gearbox-5-5kw-7-5hp,PASS,Đã được gửi và lập chỉ mục,2026-06-06T12:48:29Z
https://thanhthaimotor.com/kien-thuc-dien-co/tu-van-may-bom-nuoc/bang-gia-may-bom-hut-chan-khong-tren-3-7kw-moi-nhat,NEUTRAL,Đã thu thập dữ liệu – hiện chưa được lập chỉ mục,2026-05-01T03:00:34Z
"
                    https://thanhthaimotor.com/video/dong-co-dien/video-review-dong-co-dien-3-pha-55kw-75hp                ",PASS,Đã được gửi và lập chỉ mục,2026-06-08T00:38:25Z
https://thanhthaimotor.com/kien-thuc-dien-co/tu-van-may-bom-nuoc/bao-gia-may-bom-nuoc-teco-tren-3-7kw-moi-nhat,PASS,Đã được gửi và lập chỉ mục,2026-05-07T04:19:06Z
https://thanhthaimotor.com/kien-thuc-dien-co/tu-van-dong-co-dien/cach-dau-ro-le-nhiet-cho-dong-co-1-pha,PASS,Đã được gửi và lập chỉ mục,2026-06-08T02:52:13Z
https://thanhthaimotor.com/dong-co-giam-toc-1-pha,PASS,Đã được gửi và lập chỉ mục,2026-05-29T13:02:45Z
https://thanhthaimotor.com/en/gearboxes/3-stage-gearbox-2-udl-2-2kw-and-1-wpdx-120,PASS,Đã được gửi và lập chỉ mục,2026-06-08T08:15:08Z
https://thanhthaimotor.com/en/heavy-duty-gear-motors-1-1kw-to-3-7kw,NEUTRAL,Đã thu thập dữ liệu – hiện chưa được lập chỉ mục,2026-05-27T12:43:37Z
https://thanhthaimotor.com/en/gear-motors/heavy-duty-r-series-inline-helical-gear-motor-11kw-15hp,PASS,Đã được gửi và lập chỉ mục,2026-05-30T21:49:15Z
https://thanhthaimotor.com/en/variable-frequency-drives/abb-variable-frequency-drive-11kw,PASS,Đã được gửi và lập chỉ mục,2026-06-08T23:58:56Z
"
                    https://thanhthaimotor.com/video/dong-co-buoc/video-review-dong-co-buoc-mini-3nm                ",PASS,Đã được gửi và lập chỉ mục,2026-06-08T06:34:55Z
https://thanhthaimotor.com/kien-thuc-dien-co/tu-van-dong-co-dien/13-12-2025-nhap-2-container-lien-tiep-gom-dong-co-dien-hop-giam-toc-motor-giam-toc-va-dam-rung-san-sang-giao-ngay,PASS,Đã được gửi và lập chỉ mục,2026-05-18T23:20:38Z
"
                    https://thanhthaimotor.com/video/dong-co-buoc/video-review-dong-co-buoc-8nm                ",PASS,Đã được gửi và lập chỉ mục,2026-06-08T06:03:08Z
https://thanhthaimotor.com/kien-thuc-dien-co/tu-van-may-bom-nuoc/tu-van-chon-may-bom-nuoc-day-xa-300m-len-cuc-manh,PASS,Đã được gửi và lập chỉ mục,2026-06-03T18:57:23Z
https://thanhthaimotor.com/dong-co-dien/motor-bien-tan-3-pha-5-5kw-7-5hp,PASS,Đã được gửi và lập chỉ mục,2026-06-09T10:17:39Z
https://thanhthaimotor.com/hop-giam-toc/hop-giam-toc-2-cap-nmrv-40-75,PASS,Đã được gửi và lập chỉ mục,2026-06-07T23:22:57Z
https://thanhthaimotor.com/kien-thuc-dien-co/tu-van-may-bom-nuoc/may-bom-chim-truc-ngang,PASS,Đã được gửi và lập chỉ mục,2026-06-08T09:53:51Z
https://thanhthaimotor.com/kien-thuc-dien-co/tu-van-may-bom-nuoc/huong-dan-chon-may-bom-nuoc-day-cao-tang,PASS,Đã được gửi và lập chỉ mục,2026-06-08T04:21:59Z
https://thanhthaimotor.com/en/centrifugal-fan-bearings/centrifugal-fan-bearing-6310,NEUTRAL,Đã thu thập dữ liệu – hiện chưa được lập chỉ mục,2026-06-05T04:04:12Z
https://thanhthaimotor.com/en/gear-motors/wpx-100-gear-motor-1-1kw-1-5hp,PASS,Đã được gửi và lập chỉ mục,2026-06-07T13:52:32Z
"
                    https://thanhthaimotor.com/video/khop-noi/video-review-khop-noi-truc-11mm                ",PASS,Đã được gửi và lập chỉ mục,2026-06-08T06:40:36Z
https://thanhthaimotor.com/kien-thuc-dien-co/tu-van-may-bom-nuoc/muc-tieu-thu-dien-cua-may-bom-nuoc-cach-tinh-va-giai-phap,PASS,Đã được gửi và lập chỉ mục,2026-05-29T10:46:52Z
https://thanhthaimotor.com/en/gear-motors/2-stage-nmrv-63-75-gear-motor,PASS,Đã được gửi và lập chỉ mục,2026-05-31T06:50:35Z
https://thanhthaimotor.com/may-bom-nuoc/may-bom-nuoc-day-cao-7-5kw-10hp,PASS,Đã được gửi và lập chỉ mục,2026-06-10T08:24:05Z
https://thanhthaimotor.com/kien-thuc-dien-co/tu-van-dong-co-dien/dong-co-khong-choi-than-rc-hieu-suat-vuot-troi-va-ung-dung-chuyen-sau,PASS,Đã được gửi và lập chỉ mục,2026-05-28T16:06:22Z
"
                    https://thanhthaimotor.com/video/hop-giam-toc/video-review-hop-giam-toc-truc-vit-wpa-155                ",PASS,Đã được gửi và lập chỉ mục,2026-06-07T23:48:20Z
https://thanhthaimotor.com/dong-co-giam-toc/motor-giam-toc-nmrv-63-1-1kw-1-5hp,PASS,Đã được gửi và lập chỉ mục,2026-06-06T14:01:40Z
"
                    https://thanhthaimotor.com/video/dong-co-giam-toc/video-review-motor-giam-toc-1-pha-0-2kw-0-25hp                ",PASS,Đã được gửi và lập chỉ mục,2026-06-08T02:14:26Z
https://thanhthaimotor.com/dong-co-dien/dong-co-dien-co-phanh-37kw-50hp,PASS,Đã được gửi và lập chỉ mục,2026-06-08T02:08:57Z
https://thanhthaimotor.com/kien-thuc-dien-co/tu-van-dong-co-dien/huong-dan-chon-tu-dien-cho-motor-1-pha,PASS,Đã được gửi và lập chỉ mục,2026-06-06T20:29:33Z
https://thanhthaimotor.com/en/gear-motors/heavy-duty-cycloid-gear-motor-7-5kw-10hp,PASS,Đã được gửi và lập chỉ mục,2026-06-08T11:58:24Z
"
                    https://thanhthaimotor.com/video/hop-giam-toc/video-review-hop-giam-toc-truc-vit-wpdx-80                ",PASS,Đã được gửi và lập chỉ mục,2026-06-08T09:48:33Z
https://thanhthaimotor.com/en/blog/electric-motor-consultations,NEUTRAL,Đã thu thập dữ liệu – hiện chưa được lập chỉ mục,2026-02-21T21:59:11Z
https://thanhthaimotor.com/kien-thuc-dien-co/tu-van-dong-co-dien/dong-co-khong-choi-than-12v-giai-phap-toi-uu-cho-hieu-suat-vuot-troi,PASS,Đã được gửi và lập chỉ mục,2026-06-08T09:54:56Z
"
                    https://thanhthaimotor.com/video/dong-co-giam-toc/video-review-motor-giam-toc-2-cap-udl-0-37kw-wpdo-60                ",NEUTRAL,Đã phát hiện thấy – hiện chưa được lập chỉ mục,N/A
https://thanhthaimotor.com/kien-thuc-dien-co/tu-van-dong-co-dien/cach-dau-day-cho-motor-dien-3-pha-co-thang,PASS,Đã được gửi và lập chỉ mục,2026-05-28T15:29:41Z
https://thanhthaimotor.com/hop-giam-toc/hop-giam-toc-3-cap-2-udl-0-37kw-va-1-wpdo-60,PASS,Đã được gửi và lập chỉ mục,2026-06-08T00:04:23Z
https://thanhthaimotor.com/kien-thuc-dien-co/tu-van-bien-tan/so-do-dau-day-bien-tan-siemens-day-du-chuan-xac-va-de-thuc-hien,PASS,Đã được gửi và lập chỉ mục,2026-05-28T02:20:27Z
https://thanhthaimotor.com/dong-co-giam-toc-3-pha,PASS,Đã được gửi và lập chỉ mục,2026-06-08T17:13:01Z
https://thanhthaimotor.com/hop-giam-toc/hop-giam-toc-2-cap-udl-1-5kw-cycloid-x3,PASS,Đã được gửi và lập chỉ mục,2026-06-08T04:15:22Z
https://thanhthaimotor.com/en/mini-1-phase-gear-motors,PASS,Đã được gửi và lập chỉ mục,2026-06-08T06:22:02Z
https://thanhthaimotor.com/may-bom-nuoc/may-bom-nuoc-ca-sau-1dk-16-i,PASS,Đã được gửi và lập chỉ mục,2026-06-08T04:43:28Z
https://thanhthaimotor.com/dong-co-giam-toc/motor-giam-toc-2-cap-nmrv-75-90,PASS,Đã được gửi và lập chỉ mục,2026-06-05T20:22:26Z
https://thanhthaimotor.com/en/gear-motors/wpda-100-gear-motor-1-1kw-1-5hp,NEUTRAL,Đã thu thập dữ liệu – hiện chưa được lập chỉ mục,2026-05-15T19:45:16Z
https://thanhthaimotor.com/en/water-pumps/3-phase-water-pump-15kw-20hp,PASS,Đã được gửi và lập chỉ mục,2026-06-08T06:02:48Z
https://thanhthaimotor.com/kien-thuc-dien-co/tu-van-may-bom-nuoc/huong-dan-cach-su-dung-may-bom-nuoc-va-cach-bao-quan,NEUTRAL,Đã phát hiện thấy – hiện chưa được lập chỉ mục,N/A
https://thanhthaimotor.com/kien-thuc-dien-co/tu-van-dong-co-dien/mach-dieu-khien-la-gi,PASS,Đã được gửi và lập chỉ mục,2026-06-04T03:35:22Z
https://thanhthaimotor.com/kien-thuc-dien-co/tu-van-hop-giam-toc/tai-sao-hop-giam-toc-can-lo-thoat-hoi-tac-dung-va-bao-tri,NEUTRAL,Google không xác định được URL,N/A
https://thanhthaimotor.com/en/3-phase-vacuum-pumps,PASS,Đã được gửi và lập chỉ mục,2026-05-09T02:17:13Z
"
                    https://thanhthaimotor.com/video/dong-co-buoc/video-review-dong-co-buoc-size-57                ",PASS,Đã được gửi và lập chỉ mục,2026-06-08T04:12:03Z
https://thanhthaimotor.com/en/gearboxes/2-stage-cycloidal-gearbox-udl-0-8kw-x2,PASS,Đã được gửi và lập chỉ mục,2026-06-08T18:32:20Z
https://thanhthaimotor.com/en/gearboxes/worm-gearbox-wpds-80,PASS,Đã được gửi và lập chỉ mục,2026-06-03T17:55:46Z
https://thanhthaimotor.com/may-bom-nuoc/bom-tang-ap-0-25kw-0-34hp,PASS,Đã được gửi và lập chỉ mục,2026-06-10T18:00:56Z
https://thanhthaimotor.com/bien-tan-tren-10kw-invt,PASS,Đã được gửi và lập chỉ mục,2026-06-01T17:16:43Z
https://thanhthaimotor.com/en/gearboxes/wpdx-200-worm-gearbox,PASS,Đã được gửi và lập chỉ mục,2026-06-01T18:30:40Z
https://thanhthaimotor.com/kien-thuc-dien-co/tu-van-dong-co-buoc/motor-buoc-4-day,PASS,Đã được gửi và lập chỉ mục,2026-06-05T00:10:39Z
https://thanhthaimotor.com/dong-co-giam-toc/motor-giam-toc-nmrv-90-1-5kw-2hp,PASS,Đã được gửi và lập chỉ mục,2026-06-11T08:48:35Z
https://thanhthaimotor.com/hop-giam-toc/hop-giam-toc-tai-nang-truc-song-song-f-4-0kw,PASS,Đã được gửi và lập chỉ mục,2026-05-19T18:26:09Z
https://thanhthaimotor.com/kien-thuc-dien-co/tu-van-dong-co-dien/dong-co-1-chieu-khong-choi-than-ben-vung-cho-ung-dung-cong-nghiep,PASS,Đã được gửi và lập chỉ mục,2026-05-09T06:07:10Z
https://thanhthaimotor.com/en/1-phase-crocodile-water-pumps,PASS,Đã được gửi và lập chỉ mục,2026-06-04T09:09:21Z
https://thanhthaimotor.com/hop-giam-toc/hop-giam-toc-truc-vit-wpds-50,NEUTRAL,Đã thu thập dữ liệu – hiện chưa được lập chỉ mục,2026-04-02T14:13:09Z
https://thanhthaimotor.com/dong-co-giam-toc-dieu-toc-co,NEUTRAL,Đã thu thập dữ liệu – hiện chưa được lập chỉ mục,2026-05-20T10:23:16Z
https://thanhthaimotor.com/en/gear-motors/heavy-duty-k-series-helical-bevel-gear-motor-5-5kw-7-5hp,PASS,Đã được gửi và lập chỉ mục,2026-06-07T18:04:48Z
https://thanhthaimotor.com/en/variable-frequency-drives/invt-variable-frequency-drive-1-5kw,PASS,Đã được gửi và lập chỉ mục,2026-06-08T05:10:49Z
https://thanhthaimotor.com/en/gearboxes/wpa-70-worm-gearbox,PASS,Đã được gửi và lập chỉ mục,2026-06-08T06:38:10Z
https://thanhthaimotor.com/hop-giam-toc/hop-giam-toc-truc-vit-wpds-70,PASS,Đã được gửi và lập chỉ mục,2026-06-01T12:08:14Z
https://thanhthaimotor.com/kien-thuc-dien-co/tu-van-may-bom-nuoc/may-bom-tang-ap-dien-tu-mini-sieu-em-nho-gon-cho-gia-dinh,NEUTRAL,Đã thu thập dữ liệu – hiện chưa được lập chỉ mục,2026-05-05T12:45:18Z
https://thanhthaimotor.com/dong-co-giam-toc/motor-giam-toc-wpdo-120-4kw-5-5hp,PASS,Đã được gửi và lập chỉ mục,2026-06-06T06:18:25Z
https://thanhthaimotor.com/kien-thuc-dien-co/tu-van-bien-tan/cuon-khang-bien-tan-la-gi-huong-dan-chon-dung-loai-cho-he-thong,PASS,Đã được gửi và lập chỉ mục,2026-06-08T22:11:36Z
"
                    https://thanhthaimotor.com/video/hop-giam-toc/video-bao-gia-hop-giam-toc-cycloid-thang-06-2026                ",PASS,Đã được gửi và lập chỉ mục,2026-05-30T09:23:43Z
https://thanhthaimotor.com/en/gear-motors/heavy-duty-gear-motor-with-brake-22kw-30hp,PASS,Đã được gửi và lập chỉ mục,2026-06-01T15:45:48Z
https://thanhthaimotor.com/en/gear-motors/gear-motor-3-stage-2-udl-0-37kw-and-1-wpdx-60,NEUTRAL,Đã thu thập dữ liệu – hiện chưa được lập chỉ mục,2026-04-26T21:29:43Z
https://thanhthaimotor.com/kien-thuc-dien-co/tu-van-bien-tan/ma-loi-bien-tan,PASS,Đã được gửi và lập chỉ mục,2026-06-08T11:13:48Z
"
                    https://thanhthaimotor.com/video/dong-co-giam-toc/video-review-motor-giam-toc-2-cap-udl-1-5kw-cycloid-x3                ",PASS,Đã được gửi và lập chỉ mục,2026-06-08T06:39:10Z
"
                    https://thanhthaimotor.com/video/hop-giam-toc/video-bao-gia-hop-giam-toc-3-cap-thang-06-2026                ",PASS,Đã được gửi và lập chỉ mục,2026-05-31T17:25:49Z
https://thanhthaimotor.com/en/electric-motors/3-phase-electric-motor-7-5kw-10hp,PASS,Đã được gửi và lập chỉ mục,2026-06-05T03:44:11Z
https://thanhthaimotor.com/en/gearboxes/k-series-helical-bevel-gearbox-22kw-30hp,PASS,Đã được gửi và lập chỉ mục,2026-05-29T14:44:15Z
"
                    https://thanhthaimotor.com/video/hop-giam-toc/video-review-hop-giam-toc-truc-vit-wpx-200                ",PASS,Đã được gửi và lập chỉ mục,2026-06-08T00:10:40Z
https://thanhthaimotor.com/kien-thuc-dien-co/tu-van-may-bom-nuoc/may-bom-chim-24v-la-gi-cau-tao-nguyen-ly-hoat-dong-va-ung-dung-thuc-te,PASS,Đã được gửi và lập chỉ mục,2026-05-30T15:30:48Z
https://thanhthaimotor.com/dong-co-giam-toc/motor-giam-toc-wpda-250-15kw-20hp,PASS,Đã được gửi và lập chỉ mục,2026-06-11T04:07:55Z
https://thanhthaimotor.com/hop-giam-toc-cycloid-3-cap,PASS,Đã được gửi và lập chỉ mục,2026-06-01T10:34:41Z
https://thanhthaimotor.com/en/gear-motors/wpda-155-gear-motor-5-5kw-7-5hp,PASS,Đã được gửi và lập chỉ mục,2026-06-04T18:18:55Z
https://thanhthaimotor.com/kien-thuc-dien-co/tu-van-dong-co-dien/cong-suat-tuc-thoi,PASS,Đã được gửi và lập chỉ mục,2026-06-11T06:17:16Z
https://thanhthaimotor.com/dong-co-giam-toc/motor-giam-toc-2-cap-udl-1-5kw-wpdo-80,PASS,Đã được gửi và lập chỉ mục,2026-06-01T20:32:22Z
"
                    https://thanhthaimotor.com/video/dong-co-giam-toc/video-review-motor-giam-toc-wpdo-50-0-18kw-0-25hp                ",PASS,Đã được gửi và lập chỉ mục,2026-05-29T12:48:34Z
https://thanhthaimotor.com/hop-giam-toc/hop-giam-toc-truc-vit-wpda-250,PASS,Đã được gửi và lập chỉ mục,2026-06-08T06:31:13Z
https://thanhthaimotor.com/kien-thuc-dien-co/tu-van-hop-giam-toc/thong-so-hop-giam-toc-truc-vit-banh-vit,PASS,Đã được gửi và lập chỉ mục,2026-05-29T03:31:20Z
https://thanhthaimotor.com/kien-thuc-dien-co/tu-van-hop-giam-toc/gia-hop-giam-toc-nmrv-1-cap-moi-nhat,NEUTRAL,Đã thu thập dữ liệu – hiện chưa được lập chỉ mục,2026-05-05T11:31:45Z
https://thanhthaimotor.com/en/1-1kw-3-7kw-gear-motors,NEUTRAL,Đã thu thập dữ liệu – hiện chưa được lập chỉ mục,2026-04-12T08:11:10Z
https://thanhthaimotor.com/en/gearboxes/wpdo-70-worm-gearbox,PASS,Đã được gửi và lập chỉ mục,2026-06-08T08:14:17Z
https://thanhthaimotor.com/kien-thuc-dien-co/tu-van-bien-tan/cac-loi-thuong-gap-cua-bien-tan-schneider,PASS,Đã được gửi và lập chỉ mục,2026-05-29T06:57:03Z
https://thanhthaimotor.com/en/water-pumps/borehole-pump-2-2kw-3hp,NEUTRAL,Đã thu thập dữ liệu – hiện chưa được lập chỉ mục,2026-06-11T02:25:54Z
https://thanhthaimotor.com/dong-co-giam-toc/motor-giam-toc-wpdx-155-5-5kw-7-5hp,PASS,Đã được gửi và lập chỉ mục,2026-06-08T17:10:35Z
"
                    https://thanhthaimotor.com/video/dong-co-giam-toc/video-review-motor-giam-toc-3-cap-2-udl-1-5kw-va-1-wpdo-80                ",NEUTRAL,Google không xác định được URL,N/A
https://thanhthaimotor.com/en/high-head-water-pumps,PASS,Đã được gửi và lập chỉ mục,2026-05-21T11:50:56Z
https://thanhthaimotor.com/hop-giam-toc/hop-giam-toc-2-cap-udl-1-5kw-nmrv-75,PASS,Đã được gửi và lập chỉ mục,2026-06-07T22:39:05Z
https://thanhthaimotor.com/bien-tan/bien-tan-schneider-2-2kw,PASS,Đã được gửi và lập chỉ mục,2026-06-06T03:38:05Z
https://thanhthaimotor.com/kien-thuc-dien-co/tu-van-hop-giam-toc/5-dau-hieu-banh-rang-hop-giam-toc-bi-mon-va-cach-kiem-tra,PASS,Đã được gửi và lập chỉ mục,2026-06-09T13:04:53Z
https://thanhthaimotor.com/video/bien-tan,PASS,Đã được gửi và lập chỉ mục,2026-06-08T02:31:09Z
https://thanhthaimotor.com/kien-thuc-dien-co/tu-van-hop-giam-toc/cach-chon-mua-hop-giam-toc-chuan-ky-thuat-chinh-xac,NEUTRAL,Đã phát hiện thấy – hiện chưa được lập chỉ mục,N/A
https://thanhthaimotor.com/kien-thuc-dien-co/tu-van-dong-co-dien/stator,PASS,Đã được gửi và lập chỉ mục,2026-06-10T22:49:46Z
"
                    https://thanhthaimotor.com/video/dong-co-giam-toc/video-review-motor-giam-toc-wpa-135-4kw-5-5hp                ",PASS,Đã được gửi và lập chỉ mục,2026-05-05T10:25:47Z
"
                    https://thanhthaimotor.com/video/dong-co-dien/video-review-dong-co-dien-3-pha-11kw-15hp                ",PASS,Đã được gửi và lập chỉ mục,2026-06-08T02:12:23Z
https://thanhthaimotor.com/bien-tan/bien-tan-fuji-30kw,PASS,Đã được gửi và lập chỉ mục,2026-06-08T04:45:04Z
https://thanhthaimotor.com/kien-thuc-dien-co/tu-van-bien-tan/nguon-goc-xuat-xu-bien-tan-abb-cua-nuoc-nao,NEUTRAL,Đã thu thập dữ liệu – hiện chưa được lập chỉ mục,2026-05-05T09:56:00Z
https://thanhthaimotor.com/en/water-pumps/high-head-water-pump-lepono-xqm80-0-75kw-1hp,PASS,Đã được gửi và lập chỉ mục,2026-05-29T08:56:19Z
https://thanhthaimotor.com/dong-co-giam-toc/motor-giam-toc-wpdo-155-7-5kw-10hp,PASS,Đã được gửi và lập chỉ mục,2026-05-31T15:17:11Z
https://thanhthaimotor.com/dong-co-dien/motor-bien-tan-3-pha-75kw-100hp,PASS,Đã được gửi và lập chỉ mục,2026-06-01T01:49:53Z
https://thanhthaimotor.com/en/gear-motors/2-stage-nmrv-gear-motor-75-110,PASS,Đã được gửi và lập chỉ mục,2026-05-31T09:42:25Z
https://thanhthaimotor.com/dong-co-giam-toc/motor-giam-toc-wpdo-50-0-18kw-0-25hp,PASS,Đã được gửi và lập chỉ mục,2026-05-29T06:16:29Z
https://thanhthaimotor.com/kien-thuc-dien-co/tu-van-may-bom-nuoc/cach-lap-may-bom-nuoc-gieng-khoan-tai-nha-don-gian-va-hieu-qua,NEUTRAL,Đã phát hiện thấy – hiện chưa được lập chỉ mục,N/A
https://thanhthaimotor.com/kien-thuc-dien-co/tu-van-dong-co-dien/cach-lam-dong-co-dien-1-chieu-don-gian-va-che-tao-tai-nha,NEUTRAL,Đã phát hiện thấy – hiện chưa được lập chỉ mục,N/A
https://thanhthaimotor.com/kien-thuc-dien-co/tu-van-may-bom-nuoc/uu-diem-noi-bat-cua-may-bom-chim-tieu-canh-trong-trang-tri-nuoc,PASS,Đã được gửi và lập chỉ mục,2026-05-27T14:20:57Z
https://thanhthaimotor.com/dong-co-dien/dong-co-phong-no-18-5kw-25hp,PASS,Đã được gửi và lập chỉ mục,2026-06-07T09:18:59Z
https://thanhthaimotor.com/en/electric-motors/3-phase-electric-motor-0-25kw-0-34hp,NEUTRAL,Đã thu thập dữ liệu – hiện chưa được lập chỉ mục,2026-04-12T08:21:05Z
https://thanhthaimotor.com/en/gearboxes/udl-2-2kw-variator-2-stage-wpda-120-gearbox,PASS,Đã được gửi và lập chỉ mục,2026-05-30T08:41:37Z
"
                    https://thanhthaimotor.com/video/hop-giam-toc/video-review-hop-giam-toc-3-cap-2-udl-1-5kw-va-1-cycloid-x3                ",PASS,Đã được gửi và lập chỉ mục,2026-06-03T13:40:37Z
https://thanhthaimotor.com/en/gearboxes/s-series-helical-worm-gearbox-5-5kw-7-5hp,PASS,Đã được gửi và lập chỉ mục,2026-06-01T12:46:07Z
https://thanhthaimotor.com/dong-co-giam-toc/motor-giam-toc-wpds-60-0-25kw-0-34hp,PASS,Đã được gửi và lập chỉ mục,2026-05-30T06:18:12Z
https://thanhthaimotor.com/hop-giam-toc/hop-giam-toc-3-cap-2-udl-1-5kw-va-1-wpda-80,PASS,Đã được gửi và lập chỉ mục,2026-06-08T18:07:03Z
https://thanhthaimotor.com/dong-co-giam-toc/motor-giam-toc-co-phanh-5-5kw-7-5hp,PASS,Đã được gửi và lập chỉ mục,2026-06-01T15:41:30Z
https://thanhthaimotor.com/dong-co-giam-toc/motor-giam-toc-tai-nang-chuyen-huong-t,PASS,Đã được gửi và lập chỉ mục,2026-05-03T09:57:49Z
"
                    https://thanhthaimotor.com/video/hop-giam-toc/video-review-hop-giam-toc-truc-vit-wpds-120                ",PASS,Đã được gửi và lập chỉ mục,2026-06-04T22:11:40Z
https://thanhthaimotor.com/en/gear-motors/heavy-duty-k-series-helical-bevel-gear-motor-30kw-40hp,PASS,Đã được gửi và lập chỉ mục,2026-06-06T02:23:52Z
https://thanhthaimotor.com/en/water-pumps-above-3-7kw-above-50m3-h,NEUTRAL,Đã thu thập dữ liệu – hiện chưa được lập chỉ mục,2026-06-10T00:35:19Z
https://thanhthaimotor.com/en/gear-motors/wpda-155-gear-motor-7-5kw-10hp,PASS,Đã được gửi và lập chỉ mục,2026-06-06T02:16:46Z
https://thanhthaimotor.com/kien-thuc-dien-co/tu-van-may-bom-nuoc/may-bom-chim-thac-nuoc-la-gi-cau-tao-nguyen-ly-va-ung-dung,NEUTRAL,Đã phát hiện thấy – hiện chưa được lập chỉ mục,N/A
https://thanhthaimotor.com/kien-thuc-dien-co/tu-van-dong-co-dien/mach-dieu-chinh-toc-do-motor,PASS,Đã được gửi và lập chỉ mục,2026-06-03T08:21:10Z
https://thanhthaimotor.com/kien-thuc-dien-co/tu-van-hop-giam-toc/bang-gia-hop-giam-toc-truc-vit-banh-vit-1-cap-moi-nhat,NEUTRAL,Đã thu thập dữ liệu – hiện chưa được lập chỉ mục,2026-05-05T09:03:34Z
https://thanhthaimotor.com/khop-noi-truc,PASS,Đã được gửi và lập chỉ mục,2026-06-01T05:07:02Z
https://thanhthaimotor.com/bien-tan/bien-tan-mitsubishi-11kw,PASS,Đã được gửi và lập chỉ mục,2026-06-10T18:16:55Z
"
                    https://thanhthaimotor.com/video/thang-tu/video-review-thang-tu-3kw-4hp                ",PASS,Đã được gửi và lập chỉ mục,2026-06-08T02:11:19Z
https://thanhthaimotor.com/kien-thuc-dien-co/tu-van-dong-co-dien/s1-tren-tem-motor-la-gi-y-nghia-che-do-lam-viec-lien-tuc,NEUTRAL,Đã thu thập dữ liệu – hiện chưa được lập chỉ mục,2026-06-06T20:43:01Z
https://thanhthaimotor.com/en/electric-motors/brake-motor-1-1kw-1-5hp,PASS,Đã được gửi và lập chỉ mục,2026-06-01T15:55:10Z
https://thanhthaimotor.com/en/zq-1-stage-gearboxes,PASS,Đã được gửi và lập chỉ mục,2026-05-31T14:24:17Z
https://thanhthaimotor.com/dong-co-giam-toc/motor-giam-toc-nmrv-90-2-2kw-3hp,PASS,Đã được gửi và lập chỉ mục,2026-06-06T06:27:10Z
https://thanhthaimotor.com/en/gear-motors/wpx-175-gear-motor-7-5kw-10hp,PASS,Đã được gửi và lập chỉ mục,2026-06-11T07:55:16Z
https://thanhthaimotor.com/kien-thuc-dien-co/tu-van-dong-co-giam-toc/cach-xac-dinh-ti-so-truyen-1-15-cho-motor-giam-toc,PASS,Đã được gửi và lập chỉ mục,2026-06-08T04:01:02Z
https://thanhthaimotor.com/en/gearboxes/wps-60-worm-gearbox,PASS,Đã được gửi và lập chỉ mục,2026-06-08T06:25:59Z
https://thanhthaimotor.com/dong-co-dien-co-phanh-tren-3-7kw,PASS,Đã được gửi và lập chỉ mục,2026-06-10T03:18:21Z
https://thanhthaimotor.com/en/inverter-duty-motors,PASS,Đã được gửi và lập chỉ mục,2026-06-07T11:13:35Z
https://thanhthaimotor.com/en/gear-motors/heavy-duty-r-series-inline-helical-gear-motor-15kw-20hp,PASS,Đã được gửi và lập chỉ mục,2026-05-12T10:38:00Z
https://thanhthaimotor.com/kien-thuc-dien-co/tu-van-dong-co-dien/dong-co-choi-than,PASS,Đã được gửi và lập chỉ mục,2026-05-05T10:47:50Z
https://thanhthaimotor.com/kien-thuc-dien-co/tu-van-dong-co-giam-toc/dong-co-servo-giam-toc-voi-giai-phap-truyen-dong-chinh-xac-ben-bi,PASS,Đã được gửi và lập chỉ mục,2026-05-29T06:16:21Z
https://thanhthaimotor.com/kien-thuc-dien-co/tu-van-dong-co-dien/huong-dan-dau-day-dong-co-dien-1-pha-co-ban,PASS,Đã được gửi và lập chỉ mục,2026-05-27T13:11:24Z
https://thanhthaimotor.com/may-bom-nuoc/may-bom-nuoc-day-cao-11kw-15hp,PASS,Đã được gửi và lập chỉ mục,2026-06-09T03:32:27Z
https://thanhthaimotor.com/kien-thuc-dien-co/tu-van-hop-giam-toc/ly-do-nen-mua-hop-giam-toc-nmrv-tai-thanh-thai-motor-uy-tin-va-chat-luong,PASS,Đã được gửi và lập chỉ mục,2026-05-29T07:20:31Z
https://thanhthaimotor.com/kien-thuc-dien-co/tu-van-dong-co-dien/encoder,PASS,Đã được gửi và lập chỉ mục,2026-06-08T07:50:36Z
https://thanhthaimotor.com/dong-co-giam-toc/motor-giam-toc-2-cap-udl-1-5kw-wpds-80,PASS,Đã được gửi và lập chỉ mục,2026-06-04T23:33:23Z
https://thanhthaimotor.com/en/gear-motors/2-stage-udl-0-8kw-nmrv-63-gear-motor,PASS,Đã được gửi và lập chỉ mục,2026-05-30T19:11:12Z
"
                    https://thanhthaimotor.com/video/motor-rung-dam-rung/video-review-dong-co-rung-dam-rung-0-3kw                ",PASS,Đã được gửi và lập chỉ mục,2026-05-15T04:54:06Z
https://thanhthaimotor.com/en/gear-motors/wpdx-100-gear-motor-1-5kw-2hp,PASS,Đã được gửi và lập chỉ mục,2026-06-08T07:34:58Z
https://thanhthaimotor.com/kien-thuc-dien-co/tu-van-dong-co-dien/tiep-tuc-cap-ben-lo-hang-motor-dien-day-du-cong-suat-giao-hang-nhanh-toan-quoc,NEUTRAL,Đã thu thập dữ liệu – hiện chưa được lập chỉ mục,2025-11-01T05:11:59Z
"
                    https://thanhthaimotor.com/video/hop-giam-toc/video-review-hop-giam-toc-2-cap-nmrv-75-110                ",PASS,Đã được gửi và lập chỉ mục,2026-06-08T02:41:36Z
"
                    https://thanhthaimotor.com/video/dong-co-giam-toc/video-review-motor-giam-toc-wpda-135-4kw-5-5hp                ",NEUTRAL,Đã phát hiện thấy – hiện chưa được lập chỉ mục,N/A
https://thanhthaimotor.com/dong-co-giam-toc/motor-giam-toc-wpdo-135-4kw-5-5hp,PASS,Đã được gửi và lập chỉ mục,2026-06-06T00:06:04Z
"
                    https://thanhthaimotor.com/video/dong-co-dien/video-review-dong-co-dien-1-pha-2-2kw-3hp                ",PASS,Đã được gửi và lập chỉ mục,2026-06-08T02:33:11Z
https://thanhthaimotor.com/kien-thuc-dien-co/tu-van-may-bom-nuoc/cach-bom-hoi-vao-binh-ap-may-loc-nuoc,PASS,Đã được gửi và lập chỉ mục,2026-05-28T20:08:26Z
https://thanhthaimotor.com/en/gear-motors-with-brakes,NEUTRAL,Đã thu thập dữ liệu – hiện chưa được lập chỉ mục,2026-04-12T09:25:12Z
https://thanhthaimotor.com/kien-thuc-dien-co/tu-van-may-bom-nuoc/role-ap-suat-may-bom-nuoc-huong-dan-chon-lap-dat-va-su-dung-hieu-qua,PASS,Đã được gửi và lập chỉ mục,2026-06-09T22:52:11Z
https://thanhthaimotor.com/hop-giam-toc/hop-giam-toc-truc-vit-wpdo-60,PASS,Đã được gửi và lập chỉ mục,2026-06-08T07:44:18Z
https://thanhthaimotor.com/hop-giam-toc/hop-giam-toc-truc-vit-wpo-155,PASS,Đã được gửi và lập chỉ mục,2026-06-08T15:54:31Z
"
                    https://thanhthaimotor.com/video/khop-noi/video-review-khop-noi-truc-24mm                ",PASS,Đã được gửi và lập chỉ mục,2026-06-08T00:19:16Z
https://thanhthaimotor.com/dong-co-giam-toc/motor-giam-toc-nmrv-40-0-37kw-0-5hp,PASS,Đã được gửi và lập chỉ mục,2026-06-01T02:52:30Z
https://thanhthaimotor.com/dong-co-giam-toc/motor-giam-toc-wpds-50-0-18kw-0-25hp,PASS,Đã được gửi và lập chỉ mục,2026-06-04T19:59:37Z
https://thanhthaimotor.com/kien-thuc-dien-co/tu-van-may-bom-nuoc/top-5-may-bom-nuoc-40m3-h-hieu-suat-cao-tai-thanh-thai-motor,NEUTRAL,Đã thu thập dữ liệu – hiện chưa được lập chỉ mục,2026-06-07T16:48:39Z
"
                    https://thanhthaimotor.com/video/dong-co-giam-toc/video-review-motor-giam-toc-3-pha-0-8kw-1hp                ",PASS,Đã được gửi và lập chỉ mục,2026-06-08T02:11:56Z
https://thanhthaimotor.com/dong-co-giam-toc/motor-giam-toc-wpo-250-15kw-20hp,PASS,Đã được gửi và lập chỉ mục,2026-05-28T12:26:19Z
https://thanhthaimotor.com/kien-thuc-dien-co/tu-van-motor-rung,PASS,Đã được gửi và lập chỉ mục,2026-05-29T07:06:56Z
https://thanhthaimotor.com/dong-co-dien/dong-co-phong-no-75kw-100hp,PASS,Đã được gửi và lập chỉ mục,2026-06-07T02:30:34Z
https://thanhthaimotor.com/en/electric-motors/3-phase-electric-motor-75kw-100hp,NEUTRAL,Đã thu thập dữ liệu – hiện chưa được lập chỉ mục,2026-05-22T12:53:21Z
https://thanhthaimotor.com/en/variable-frequency-drives/abb-variable-frequency-drives-22kw,PASS,Đã được gửi và lập chỉ mục,2026-05-29T15:50:09Z
https://thanhthaimotor.com/kien-thuc-dien-co/tu-van-dong-co-dien/dong-co-dc-khong-choi-than-giai-phap-hieu-suat-cao-tu-thanh-thai-motor,NEUTRAL,Google không xác định được URL,N/A
https://thanhthaimotor.com/en/variable-frequency-drives/abb-variable-frequency-drive-15kw,NEUTRAL,Đã thu thập dữ liệu – hiện chưa được lập chỉ mục,2026-04-27T11:17:52Z
https://thanhthaimotor.com/dong-co-giam-toc/motor-giam-toc-nmrv-90-1-1kw-1-5hp,PASS,Đã được gửi và lập chỉ mục,2026-06-04T00:33:49Z
https://thanhthaimotor.com/kien-thuc-dien-co/tu-van-dong-co-giam-toc/tieu-chi-nao-nen-mua-motor-giam-toc-chan-de-hay-mat-bich,NEUTRAL,Đã phát hiện thấy – hiện chưa được lập chỉ mục,N/A
https://thanhthaimotor.com/kien-thuc-dien-co/tu-van-may-bom-nuoc/chon-mua-may-bom-nuoc-day-cao-20m-chat-luong-tai-thanh-thai-motor,NEUTRAL,Đã thu thập dữ liệu – hiện chưa được lập chỉ mục,2026-05-13T18:07:38Z
https://thanhthaimotor.com/dong-co-giam-toc/motor-giam-toc-wpda-120-4kw-5-5hp,PASS,Đã được gửi và lập chỉ mục,2026-06-01T23:41:58Z
https://thanhthaimotor.com/dong-co-giam-toc/motor-giam-toc-wpdo-250-15kw-20hp,PASS,Đã được gửi và lập chỉ mục,2026-06-06T14:09:11Z
https://thanhthaimotor.com/kien-thuc-dien-co/tu-van-dong-co-dien/cach-lap-dia-vang-cong-tac-ly-tam,PASS,Đã được gửi và lập chỉ mục,2026-06-08T02:31:29Z
https://thanhthaimotor.com/kien-thuc-dien-co/tu-van-dong-co-buoc/cach-dieu-khien-dong-co-buoc-luong-cuc-hieu-qua-cho-he-thong,PASS,Đã được gửi và lập chỉ mục,2026-05-30T23:25:58Z
https://thanhthaimotor.com/dong-co-giam-toc-3-pha-tai-nang-truc-thang-r,NEUTRAL,Đã thu thập dữ liệu – hiện chưa được lập chỉ mục,2026-05-06T18:05:18Z
https://thanhthaimotor.com/dong-co-giam-toc/motor-giam-toc-mini-60w,PASS,Đã được gửi và lập chỉ mục,2026-06-06T11:40:20Z
"
                    https://thanhthaimotor.com/video/hop-giam-toc/video-review-hop-giam-toc-2-cap-udl-1-5kw-wpdx-100                ",PASS,Đã được gửi và lập chỉ mục,2026-06-08T04:19:15Z
https://thanhthaimotor.com/dong-co-giam-toc/motor-giam-toc-3-cap-2-udl-1-5kw-va-1-wpdx-80,PASS,Đã được gửi và lập chỉ mục,2026-06-08T08:31:40Z
https://thanhthaimotor.com/en/gear-motors/wpda-120-gear-motor-3kw-4hp,PASS,Đã được gửi và lập chỉ mục,2026-06-07T20:00:34Z
https://thanhthaimotor.com/kien-thuc-dien-co/tu-van-dong-co-giam-toc/cau-tao-ung-dung-cua-dong-co-giam-toc-khong-choi-than,PASS,Đã được gửi và lập chỉ mục,2026-05-05T12:37:07Z
https://thanhthaimotor.com/kien-thuc-dien-co/tu-van-hop-giam-toc/banh-rang-tru-rang-thang,PASS,Đã được gửi và lập chỉ mục,2026-06-04T02:07:05Z
https://thanhthaimotor.com/dong-co-giam-toc/motor-giam-toc-co-phanh-22kw-30hp,PASS,Đã được gửi và lập chỉ mục,2026-05-30T21:50:03Z
https://thanhthaimotor.com/en/gear-motors/heavy-duty-r-series-inline-helical-gear-motor-90kw-125hp,PASS,Đã được gửi và lập chỉ mục,2026-05-31T11:43:09Z
https://thanhthaimotor.com/en/water-pumps/high-head-water-pump-lepono-xcm146-0-6kw-0-8hp,PASS,Đã được gửi và lập chỉ mục,2026-06-09T05:27:29Z
https://thanhthaimotor.com/kien-thuc-dien-co/tu-van-dong-co-giam-toc/cach-kiem-tra-ti-so-truyen-1-60-thuc-te-cua-motor-giam-toc,NEUTRAL,Đã thu thập dữ liệu – hiện chưa được lập chỉ mục,2026-06-07T04:28:18Z
https://thanhthaimotor.com/kien-thuc-dien-co/tu-van-may-bom-nuoc/huong-dan-chon-mua-may-bom-nuoc-ho-ca-va-be-ca-phu-hop-nhat,PASS,Đã được gửi và lập chỉ mục,2026-05-30T15:30:55Z
https://thanhthaimotor.com/en/gearboxes/heavy-duty-r-series-inline-helical-gearbox-18-5kw-25hp,PASS,Đã được gửi và lập chỉ mục,2026-06-08T07:47:10Z
https://thanhthaimotor.com/en/electric-motors/brake-motor-11kw-15hp,PASS,Đã được gửi và lập chỉ mục,2026-05-31T08:28:02Z
https://thanhthaimotor.com/kien-thuc-dien-co/tu-van-dong-co-dien/cach-chon-dong-co-dien-3-pha-phu-hop-va-nhung-luu-y-khi-lua-chon,PASS,Đã được gửi và lập chỉ mục,2026-06-01T01:52:47Z
"
                    https://thanhthaimotor.com/video/hop-giam-toc/video-review-hop-giam-toc-vit-me-swld20-swl20                ",PASS,Đã được gửi và lập chỉ mục,2026-06-07T11:17:16Z
https://thanhthaimotor.com/bien-tan-tren-10kw-siemens,PASS,Đã được gửi và lập chỉ mục,2026-05-31T19:11:41Z
https://thanhthaimotor.com/bien-tan/bien-tan-siemens-45kw,PASS,Đã được gửi và lập chỉ mục,2026-06-05T08:54:48Z
https://thanhthaimotor.com/en/water-pumps/borehole-pump-1-5kw-2hp,NEUTRAL,Đã thu thập dữ liệu – hiện chưa được lập chỉ mục,2026-04-06T19:30:58Z
"
                    https://thanhthaimotor.com/video/hop-giam-toc/video-review-hop-giam-toc-2-cap-nmrv-63-75                ",PASS,Đã được gửi và lập chỉ mục,2026-06-08T01:46:25Z
https://thanhthaimotor.com/dong-co-buoc/dong-co-buoc-12nm,PASS,Đã được gửi và lập chỉ mục,2026-06-08T22:00:48Z
https://thanhthaimotor.com/kien-thuc-dien-co/tu-van-dong-co-dien/dong-co-khong-choi-than-500w-hieu-suat-cao-ben-bi-va-tiet-kiem-nang-luong,NEUTRAL,Đã phát hiện thấy – hiện chưa được lập chỉ mục,N/A
https://thanhthaimotor.com/khop-noi-xich,PASS,Đã được gửi và lập chỉ mục,2026-06-05T06:47:26Z
https://thanhthaimotor.com/en/gear-motors/wpa-60-gear-motor-0-25kw-0-34hp,PASS,Đã được gửi và lập chỉ mục,2026-06-05T02:53:16Z
https://thanhthaimotor.com/kien-thuc-dien-co/tu-van-hop-giam-toc/cach-doc-thong-so-hop-giam-toc,PASS,Đã được gửi và lập chỉ mục,2026-05-28T16:09:53Z
https://thanhthaimotor.com/kien-thuc-dien-co/tu-van-bien-tan/huong-dan-nhan-biet-va-khac-phuc-loi-bien-tan-deye-chinh-xac,PASS,Đã được gửi và lập chỉ mục,2026-05-29T10:47:01Z
https://thanhthaimotor.com/hop-giam-toc/hop-giam-toc-tai-nang-truc-vuong-goc-k-5-5kw,PASS,Đã được gửi và lập chỉ mục,2026-06-03T17:30:00Z
https://thanhthaimotor.com/kien-thuc-dien-co/tu-van-may-bom-nuoc/nguyen-nhan-may-bom-khong-day-duoc-nuoc-len-cao-va-cach-khac-phuc-hieu-qua,PASS,Đã được gửi và lập chỉ mục,2026-06-09T14:07:23Z
https://thanhthaimotor.com/kien-thuc-dien-co/tu-van-hop-giam-toc/hop-giam-toc-nmrv-cho-he-thong-nang-ha-giai-phap-toi-uu-va-an-toan,PASS,Đã được gửi và lập chỉ mục,2026-06-09T21:07:32Z
https://thanhthaimotor.com/kien-thuc-dien-co/tu-van-hop-giam-toc/hop-giam-toc-nmrv-lua-chon-hieu-qua-cho-moi-truong-nganh-thuc-pham,PASS,Đã được gửi và lập chỉ mục,2026-05-27T11:10:39Z
https://thanhthaimotor.com/en/variable-frequency-drives/delta-variable-frequency-drive-30kw,NEUTRAL,Đã thu thập dữ liệu – hiện chưa được lập chỉ mục,2026-05-12T14:37:39Z
"
                    https://thanhthaimotor.com/video/dong-co-giam-toc/video-review-motor-giam-toc-3-pha-2-2kw-3hp                ",PASS,Đã được gửi và lập chỉ mục,2026-06-07T10:41:19Z
https://thanhthaimotor.com/en/electric-motors/hydraulic-pump-0-37kw-0-5hp,NEUTRAL,Đã thu thập dữ liệu – hiện chưa được lập chỉ mục,2026-04-03T16:23:26Z
https://thanhthaimotor.com/dong-co-giam-toc/motor-giam-toc-wpa-70-0-55kw-0-75hp,PASS,Đã được gửi và lập chỉ mục,2026-05-31T19:52:41Z
https://thanhthaimotor.com/dong-co-giam-toc/motor-giam-toc-wpdx-60-0-25kw-0-34hp,PASS,Đã được gửi và lập chỉ mục,2026-06-08T08:32:37Z
https://thanhthaimotor.com/may-bom-nuoc-day-cao-duoi-50m3-h,PASS,Đã được gửi và lập chỉ mục,2026-06-06T04:04:02Z
https://thanhthaimotor.com/dong-co-giam-toc/motor-giam-toc-wpda-200-11kw-15hp,PASS,Đã được gửi và lập chỉ mục,2026-05-31T17:49:54Z
https://thanhthaimotor.com/dong-co-giam-toc/motor-giam-toc-2-cap-udl-1-5kw-wpds-100,PASS,Đã được gửi và lập chỉ mục,2026-05-28T14:16:49Z
https://thanhthaimotor.com/kien-thuc-dien-co/tu-van-bien-tan/cach-dau-bien-tan,PASS,Đã được gửi và lập chỉ mục,2026-06-08T09:53:39Z
https://thanhthaimotor.com/dong-co-dien/dong-co-dien-3-pha-132kw-180hp,PASS,Đã được gửi và lập chỉ mục,2026-06-06T14:16:45Z
https://thanhthaimotor.com/motor-rung/dong-co-rung-dam-rung-0-1kw,PASS,Đã được gửi và lập chỉ mục,2026-06-10T14:14:26Z
"
                    https://thanhthaimotor.com/video/dong-co-giam-toc/video-review-motor-giam-toc-2-cap-nmrv-75-150                ",PASS,Đã được gửi và lập chỉ mục,2026-05-05T18:25:41Z
https://thanhthaimotor.com/thang-tu-tu-5-5kw-den-7-5kw,PASS,Đã được gửi và lập chỉ mục,2026-06-11T04:09:54Z
https://thanhthaimotor.com/khop-noi/khop-noi-truc-65mm,PASS,Đã được gửi và lập chỉ mục,2026-06-06T06:27:27Z
https://thanhthaimotor.com/en/pulleys/75mm-shaft-pulley,PASS,Đã được gửi và lập chỉ mục,2026-05-31T10:07:42Z
https://thanhthaimotor.com/kien-thuc-dien-co/tu-van-khop-noi,PASS,Đã được gửi và lập chỉ mục,2026-06-08T00:55:01Z
https://thanhthaimotor.com/kien-thuc-dien-co/tu-van-hop-giam-toc/tong-quan-cac-loai-hop-giam-toc-pho-bien-va-ung-dung-trong-cong-nghiep,NEUTRAL,Đã phát hiện thấy – hiện chưa được lập chỉ mục,N/A
https://thanhthaimotor.com/dong-co-giam-toc/motor-giam-toc-wpo-40-0-18kw-0-25hp,PASS,Đã được gửi và lập chỉ mục,2026-06-06T14:35:44Z
https://thanhthaimotor.com/kien-thuc-dien-co/tu-van-hop-giam-toc/gia-hop-giam-toc-cycloid-1-cap-moi-nhat,PASS,Đã được gửi và lập chỉ mục,2026-05-05T10:19:48Z
https://thanhthaimotor.com/bien-tan-tren-10kw-delta,PASS,Đã được gửi và lập chỉ mục,2026-06-08T11:47:53Z
https://thanhthaimotor.com/dong-co-giam-toc/motor-giam-toc-wpds-100-1-1kw-1-5hp,PASS,Đã được gửi và lập chỉ mục,2026-05-28T15:46:25Z
https://thanhthaimotor.com/dong-co-giam-toc/motor-giam-toc-3-cap-2-udl-0-8kw-va-1-nmrv-63,PASS,Đã được gửi và lập chỉ mục,2026-06-06T10:09:56Z
https://thanhthaimotor.com/en/gear-motors/nmrv-40-gear-motor-0-25kw-0-34hp,PASS,Đã được gửi và lập chỉ mục,2026-05-31T16:48:32Z
https://thanhthaimotor.com/kien-thuc-dien-co/tu-van-may-bom-nuoc/nguyen-ly-hoat-dong-cua-may-bom-tang-ap,PASS,Đã được gửi và lập chỉ mục,2026-06-07T14:35:10Z
https://thanhthaimotor.com/kien-thuc-dien-co/tu-van-may-bom-nuoc/huong-dan-chi-tiet-cach-moi-nuoc-may-bom-tang-ap-hieu-qua-tai-nha,NEUTRAL,Đã phát hiện thấy – hiện chưa được lập chỉ mục,N/A
https://thanhthaimotor.com/bien-tan/bien-tan-invt-37kw,PASS,Đã được gửi và lập chỉ mục,2026-06-06T17:56:03Z
https://thanhthaimotor.com/kien-thuc-dien-co/tu-van-may-bom-nuoc/top-2-may-bom-nuoc-40m3-h-duoc-khach-hang-quan-tam-nhat-tai-thanh-thai-motor,PASS,Đã được gửi và lập chỉ mục,2026-06-02T15:10:22Z
"
                    https://thanhthaimotor.com/video/dong-co-giam-toc/video-review-motor-giam-toc-2-cap-udl-0-8kw-wpda-70                ",PASS,Đã được gửi và lập chỉ mục,2026-06-01T15:51:46Z
https://thanhthaimotor.com/hop-giam-toc/hop-giam-toc-truc-vit-wpa-135,PASS,Đã được gửi và lập chỉ mục,2026-06-05T10:51:43Z
https://thanhthaimotor.com/dong-co-giam-toc/motor-giam-toc-wpda-120-3kw-4hp,PASS,Đã được gửi và lập chỉ mục,2026-06-05T03:34:52Z
https://thanhthaimotor.com/khop-noi/khop-noi-xich-kc6020,PASS,Đã được gửi và lập chỉ mục,2026-06-07T18:44:59Z
https://thanhthaimotor.com/en/gear-motors/wps-40-gear-motor-0-18kw-0-25hp,NEUTRAL,Đã thu thập dữ liệu – hiện chưa được lập chỉ mục,2026-04-15T21:22:29Z
"
                    https://thanhthaimotor.com/video/dong-co-giam-toc/video-review-motor-giam-toc-nmrv-110-3kw-4hp                ",PASS,Đã được gửi và lập chỉ mục,2026-06-07T10:34:38Z
https://thanhthaimotor.com/en/water-pumps-over-3-7kw,PASS,Đã được gửi và lập chỉ mục,2026-05-07T03:56:34Z
"
                    https://thanhthaimotor.com/video/dong-co-giam-toc/video-review-motor-giam-toc-tai-nang-truc-song-song-f-2-2kw-3hp                ",NEUTRAL,Đã thu thập dữ liệu – hiện chưa được lập chỉ mục,2026-06-03T09:20:23Z
https://thanhthaimotor.com/kien-thuc-dien-co/tu-van-dong-co-giam-toc/cach-dau-day-cho-motor-giam-toc-tai-nang,PASS,Đã được gửi và lập chỉ mục,2026-05-30T21:15:01Z
"
                    https://thanhthaimotor.com/video/hop-giam-toc/video-review-hop-giam-toc-2-cap-udl-0-37kw-cycloid-x0                ",PASS,Đã được gửi và lập chỉ mục,2026-06-08T08:41:17Z
https://thanhthaimotor.com/kien-thuc-dien-co/tu-van-motor-rung/may-dam-rung-co-phai-la-dam-dui-khong,PASS,Đã được gửi và lập chỉ mục,2026-06-08T23:10:59Z
https://thanhthaimotor.com/en/gear-motors/wpdx-70-gear-motor-0-55kw-0-75hp,PASS,Đã được gửi và lập chỉ mục,2026-06-01T12:44:47Z
"
                    https://thanhthaimotor.com/video/dong-co-giam-toc/video-review-motor-giam-toc-co-phanh-22kw-3hp                ",NEUTRAL,Google không xác định được URL,N/A
https://thanhthaimotor.com/quat-thoi-khi/motor-quat-thoi-15kw-20hp,PASS,Đã được gửi và lập chỉ mục,2026-06-01T08:21:07Z
https://thanhthaimotor.com/kien-thuc-dien-co/tu-van-bien-tan/cach-nhan-biet-va-xu-ly-ma-loi-bien-tan-powerflex-hieu-qua,PASS,Đã được gửi và lập chỉ mục,2026-05-29T10:47:01Z
https://thanhthaimotor.com/kien-thuc-dien-co/tu-van-dong-co-dien/cau-tao-may-say-toc,PASS,Đã được gửi và lập chỉ mục,2026-05-28T16:13:08Z
https://thanhthaimotor.com/kien-thuc-dien-co/tu-van-may-bom-nuoc/top-6-may-bom-nuoc-nha-cao-tang-day-sieu-khoe-cuc-ben,PASS,Đã được gửi và lập chỉ mục,2026-05-31T20:52:46Z
https://thanhthaimotor.com/hop-giam-toc/hop-giam-toc-2-cap-udl-0-37kw-cycloid-x0,PASS,Đã được gửi và lập chỉ mục,2026-06-07T18:02:54Z
https://thanhthaimotor.com/en/gearboxes/wpa-135-worm-gearbox,PASS,Đã được gửi và lập chỉ mục,2026-06-06T14:17:36Z
https://thanhthaimotor.com/en/gearboxes/3-stage-gearbox-2-udl-1-5kw-and-1-wpds-100,PASS,Đã được gửi và lập chỉ mục,2026-05-30T05:06:20Z
https://thanhthaimotor.com/en/gearboxes/3-stage-gearbox-2-udl-1-5kw-and-1-wpdo-100,NEUTRAL,Đã thu thập dữ liệu – hiện chưa được lập chỉ mục,2026-05-05T17:31:46Z
https://thanhthaimotor.com/kien-thuc-dien-co/tu-van-dong-co-dien/cach-chon-day-dien-3-pha-theo-cong-suat,PASS,Đã được gửi và lập chỉ mục,2026-06-07T22:19:54Z
"
                    https://thanhthaimotor.com/video/hop-giam-toc/video-review-hop-giam-toc-2-cap-udl-1-5kw-wpds-80                ",PASS,Đã được gửi và lập chỉ mục,2026-06-09T12:30:34Z
"
                    https://thanhthaimotor.com/video/hop-giam-toc/video-review-hop-giam-toc-truc-vit-wpx-80                ",PASS,Đã được gửi và lập chỉ mục,2026-05-15T03:17:20Z
https://thanhthaimotor.com/en/pulleys/38mm-shaft-pulley,PASS,Đã được gửi và lập chỉ mục,2026-05-28T15:16:48Z
https://thanhthaimotor.com/kien-thuc-dien-co/tu-van-dong-co-dien/huong-dan-thao-lap-dong-co-dien,PASS,Đã được gửi và lập chỉ mục,2026-05-26T06:16:57Z
https://thanhthaimotor.com/dong-co-giam-toc/motor-giam-toc-wps-175-7-5kw-10hp,PASS,Đã được gửi và lập chỉ mục,2026-06-06T06:26:47Z
https://thanhthaimotor.com/en/gear-motors/wpa-155-gear-motor-5-5kw-7-5hp,PASS,Đã được gửi và lập chỉ mục,2026-05-31T08:22:42Z
https://thanhthaimotor.com/hop-giam-toc/hop-giam-toc-tai-nang-truc-vuong-goc-k-45kw,PASS,Đã được gửi và lập chỉ mục,2026-06-01T17:07:07Z
https://thanhthaimotor.com/en/water-pumps/submersible-pump-1-9kw-2-5hp,NEUTRAL,Đã thu thập dữ liệu – hiện chưa được lập chỉ mục,2026-04-02T15:59:56Z
https://thanhthaimotor.com/kien-thuc-dien-co/tu-van-dong-co-dien/huong-dan-ve-sinh-cuon-day-motor-dung-ky-thuat-tai-thanh-thai-motor,PASS,Đã được gửi và lập chỉ mục,2026-06-08T19:44:32Z
https://thanhthaimotor.com/thang-tu/thang-tu-0-37kw-0-5hp,PASS,Đã được gửi và lập chỉ mục,2026-06-03T12:24:52Z
https://thanhthaimotor.com/dong-co-dien/dong-co-dien-co-phanh-0-37kw-0-5hp,PASS,Đã được gửi và lập chỉ mục,2026-06-01T18:19:47Z
https://thanhthaimotor.com/kien-thuc-dien-co/tu-van-hop-giam-toc/huong-dan-cach-lap-dong-co-3-pha-vao-zq-chuan-ky-thuat,PASS,Đã được gửi và lập chỉ mục,2026-06-08T00:09:09Z
"
                    https://thanhthaimotor.com/video/hop-giam-toc/video-review-hop-giam-toc-truc-vit-wpdx-60                ",PASS,Đã được gửi và lập chỉ mục,2026-06-08T08:35:24Z
https://thanhthaimotor.com/en/gear-motors/wpa-80-gear-motor-1-1kw-1-5hp,PASS,Đã được gửi và lập chỉ mục,2026-05-31T21:55:01Z
https://thanhthaimotor.com/en/nmrv-3-phase-gear-motors,NEUTRAL,Đã thu thập dữ liệu – hiện chưa được lập chỉ mục,2026-05-08T02:18:30Z
https://thanhthaimotor.com/kien-thuc-dien-co/tu-van-may-bom-nuoc/cach-su-dung-may-bom-nuoc-chim,PASS,Đã được gửi và lập chỉ mục,2026-06-08T01:44:41Z
https://thanhthaimotor.com/en/water-pumps/crocodile-water-pump-cma-100m-0-75kw-1hp,NEUTRAL,Đã thu thập dữ liệu – hiện chưa được lập chỉ mục,2026-05-23T01:13:36Z
https://thanhthaimotor.com/en/water-pumps/crocodile-p160-vacuum-pump-0-16kw-0-25hp,PASS,Đã được gửi và lập chỉ mục,2026-05-21T15:34:44Z
"
                    https://thanhthaimotor.com/video/dong-co-giam-toc/video-review-motor-giam-toc-wpa-120-4kw-5-5hp                ",PASS,Đã được gửi và lập chỉ mục,2026-06-09T23:40:34Z
"
                    https://thanhthaimotor.com/video/hop-giam-toc/video-huong-dan-cach-lap-hop-giam-toc-2-cap                ",PASS,Đã được gửi và lập chỉ mục,2026-06-04T17:16:58Z
https://thanhthaimotor.com/dong-co-dien/may-bom-dau-thuy-luc-3-0kw-4hp,PASS,Đã được gửi và lập chỉ mục,2026-06-08T03:30:27Z
https://thanhthaimotor.com/en/teco-water-pumps-above-3-7kw,PASS,Đã được gửi và lập chỉ mục,2026-06-01T08:05:45Z
https://thanhthaimotor.com/en/electric-motors/explosion-proof-motor-5-5kw-7-5hp,PASS,Đã được gửi và lập chỉ mục,2026-05-28T14:15:29Z
https://thanhthaimotor.com/kien-thuc-dien-co/tu-van-may-bom-nuoc/may-bom-tang-ap-co-sieu-ben-day-nuoc-manh,PASS,Đã được gửi và lập chỉ mục,2026-05-07T03:44:21Z
https://thanhthaimotor.com/dong-co-giam-toc/motor-giam-toc-wps-155-5-5kw-7-5hp,PASS,Đã được gửi và lập chỉ mục,2026-06-04T20:01:14Z
"
                    https://thanhthaimotor.com/video/hop-giam-toc/video-review-hop-giam-toc-truc-vit-wpda-135                ",PASS,Đã được gửi và lập chỉ mục,2026-06-08T06:02:48Z
https://thanhthaimotor.com/may-bom-nuoc/may-bom-hoa-tien-550w,PASS,Đã được gửi và lập chỉ mục,2026-06-06T05:48:25Z
https://thanhthaimotor.com/dong-co-giam-toc/motor-giam-toc-wpds-80-1-5kw-2hp,PASS,Đã được gửi và lập chỉ mục,2026-05-31T18:48:32Z
https://thanhthaimotor.com/en/gear-motors/wpx-135-gear-motor-4kw-5-5hp,PASS,Đã được gửi và lập chỉ mục,2026-06-04T18:24:45Z
https://thanhthaimotor.com/kien-thuc-dien-co/tu-van-hop-giam-toc/do-ro-hop-giam-toc-zq-nguyen-nhan-va-cach-khac-phuc-hieu-qua,PASS,Đã được gửi và lập chỉ mục,2026-06-04T09:33:02Z
https://thanhthaimotor.com/kien-thuc-dien-co/tu-van-dong-co-dien/dong-co-dc,PASS,Đã được gửi và lập chỉ mục,2026-06-04T03:37:29Z
https://thanhthaimotor.com/kien-thuc-dien-co/tu-van-may-bom-nuoc/bom-ly-tam-truc-ngang-giai-phap-ben-bi-cho-moi-cong-trinh-cap-nuoc,PASS,Đã được gửi và lập chỉ mục,2026-05-29T10:47:27Z
https://thanhthaimotor.com/kien-thuc-dien-co/tu-van-may-bom-nuoc/may-bom-chim-hoa-chat-la-gi,NEUTRAL,Đã phát hiện thấy – hiện chưa được lập chỉ mục,N/A
"
                    https://thanhthaimotor.com/video/dong-co-giam-toc/video-review-motor-giam-toc-wpdx-60-0-25kw-0-34hp                ",PASS,Đã được gửi và lập chỉ mục,2026-06-08T19:55:06Z
https://thanhthaimotor.com/en/variable-frequency-drives/abb-variable-frequency-drive-30kw,PASS,Đã được gửi và lập chỉ mục,2026-06-05T18:31:22Z
https://thanhthaimotor.com/en/mitsubishi-variable-frequency-drives-over-10kw,PASS,Đã được gửi và lập chỉ mục,2026-06-08T09:53:42Z
https://thanhthaimotor.com/kien-thuc-dien-co/tu-van-dong-co-dien/cach-lap-dem-cach-dien-tu-motor-don-gian-an-toan,PASS,Đã được gửi và lập chỉ mục,2026-06-09T16:56:47Z
https://thanhthaimotor.com/en/water-pumps/submersible-pump-7-5kw-10hp,PASS,Đã được gửi và lập chỉ mục,2026-06-08T13:07:20Z
https://thanhthaimotor.com/hop-giam-toc/hop-giam-toc-vit-me-swld25-swl25,PASS,Đã được gửi và lập chỉ mục,2026-06-07T22:42:14Z
https://thanhthaimotor.com/en/vibratory-equipment/vibratory-equipment-1-8kw,PASS,Đã được gửi và lập chỉ mục,2026-06-09T19:32:54Z
https://thanhthaimotor.com/kien-thuc-dien-co/tu-van-may-bom-nuoc/top-5-may-bom-nuoc-day-cao-25m-tot-nhat,PASS,Đã được gửi và lập chỉ mục,2026-06-01T14:48:41Z
https://thanhthaimotor.com/hop-giam-toc/hop-giam-toc-truc-vit-wpdks-250,PASS,Đã được gửi và lập chỉ mục,2026-06-03T15:43:21Z
https://thanhthaimotor.com/en/gearboxes/2-stage-gearbox-udl-0-37kw-wpda-60,PASS,Đã được gửi và lập chỉ mục,2026-06-08T07:44:33Z
https://thanhthaimotor.com/en/gear-motors/2-stage-nmrv-gear-motor-75-130,PASS,Đã được gửi và lập chỉ mục,2026-06-01T14:48:51Z
https://thanhthaimotor.com/en/variable-frequency-drives/fuji-variable-frequency-drive-18kw,PASS,Đã được gửi và lập chỉ mục,2026-06-08T08:11:59Z
https://thanhthaimotor.com/dong-co-giam-toc/motor-giam-toc-3-pha-5-5kw-7-5hp,PASS,Đã được gửi và lập chỉ mục,2026-06-04T17:50:16Z
https://thanhthaimotor.com/en/gear-motors/wpo-200-gear-motor-11kw-15hp,PASS,Đã được gửi và lập chỉ mục,2026-06-01T03:41:04Z
https://thanhthaimotor.com/en/heavy-duty-r-series-inline-helical-gear-motors-from-1-1kw-to-3-7kw,NEUTRAL,Đã thu thập dữ liệu – hiện chưa được lập chỉ mục,2026-03-29T01:16:55Z
https://thanhthaimotor.com/dong-co-giam-toc/motor-giam-toc-wpx-70-0-55kw-0-75hp,PASS,Đã được gửi và lập chỉ mục,2026-06-11T04:09:45Z
https://thanhthaimotor.com/kien-thuc-dien-co/tu-van-dong-co-buoc/dong-co-buoc-va-dong-co-servo-so-sanh-phan-biet-va-lua-chon,NEUTRAL,Đã phát hiện thấy – hiện chưa được lập chỉ mục,N/A
https://thanhthaimotor.com/kien-thuc-dien-co/tu-van-hop-giam-toc/top-7-hop-so-giam-toc-tai-nang-ben-bi-manh-me,PASS,Đã được gửi và lập chỉ mục,2026-05-29T01:43:29Z
https://thanhthaimotor.com/kien-thuc-dien-co/tu-van-dong-co-dien/cach-phan-biet-dong-co-1-pha-va-3-pha-chuan-xac,PASS,Đã được gửi và lập chỉ mục,2026-05-11T14:58:25Z
"
                    https://thanhthaimotor.com/video/hop-giam-toc/video-bao-gia-hop-giam-toc-05-2026                ",PASS,Đã được gửi và lập chỉ mục,2026-05-22T15:35:04Z
https://thanhthaimotor.com/kien-thuc-dien-co/tu-van-dong-co-dien/dong-co-cam-ung-la-gi,PASS,Đã được gửi và lập chỉ mục,2026-06-04T17:23:02Z
https://thanhthaimotor.com/en/blog/electric-motor-consultations/what-is-rated-power-unit-calculation-formula-and-applications,PASS,Đã được gửi và lập chỉ mục,2026-06-08T11:06:24Z
https://thanhthaimotor.com/kien-thuc-dien-co/tu-van-hop-giam-toc/cach-lap-hop-giam-toc-wpdo-voi-dong-co-dien,PASS,Đã được gửi và lập chỉ mục,2026-06-06T10:20:22Z
https://thanhthaimotor.com/kien-thuc-dien-co/tu-van-may-bom-nuoc/danh-gia-chi-tiet-cac-loai-may-bom-tang-ap-hien-nay,PASS,Đã được gửi và lập chỉ mục,2026-05-28T10:19:15Z
https://thanhthaimotor.com/en/stepper-motors/size-42-stepper-motor,PASS,Đã được gửi và lập chỉ mục,2026-06-07T11:43:14Z
"
                    https://thanhthaimotor.com/video/dong-co-giam-toc/video-review-motor-giam-toc-wpda-120-3kw-4hp                ",PASS,Đã được gửi và lập chỉ mục,2026-06-08T06:39:57Z
https://thanhthaimotor.com/kien-thuc-dien-co/tu-van-thang-tu,PASS,Đã được gửi và lập chỉ mục,2026-06-09T18:27:22Z
https://thanhthaimotor.com/kien-thuc-dien-co/tu-van-quat-thoi-khi/canh-quat-ly-tam-canh-quat-con-so-cau-tao-va-cong-dung,PASS,Đã được gửi và lập chỉ mục,2026-05-28T19:30:54Z
https://thanhthaimotor.com/en/explosion-proof-motors,PASS,Đã được gửi và lập chỉ mục,2026-06-08T09:53:38Z
https://thanhthaimotor.com/may-bom-nuoc-bom-hut-chan-khong,PASS,Đã được gửi và lập chỉ mục,2026-06-04T22:10:56Z
https://thanhthaimotor.com/dong-co-giam-toc/motor-giam-toc-wpo-100-1-5kw-2hp,PASS,Đã được gửi và lập chỉ mục,2026-04-25T17:08:24Z
"
                    https://thanhthaimotor.com/video/hop-giam-toc/video-review-hop-giam-toc-2-cap-nmrv-50-75                ",PASS,Đã được gửi và lập chỉ mục,2026-06-08T17:15:39Z
https://thanhthaimotor.com/en/1-phase-vibratory-equipment,PASS,Đã được gửi và lập chỉ mục,2026-06-09T07:20:20Z
"
                    https://thanhthaimotor.com/video/dong-co-giam-toc/video-review-motor-giam-toc-wps-70-0-55kw-0-75hp                ",PASS,Đã được gửi và lập chỉ mục,2026-05-31T10:12:18Z
"
                    https://thanhthaimotor.com/video/dong-co-giam-toc/video-review-motor-giam-toc-tai-nang-cycloid-18-5kw-25hp                ",PASS,Đã được gửi và lập chỉ mục,2026-06-07T17:12:24Z
https://thanhthaimotor.com/kien-thuc-dien-co/tu-van-may-bom-nuoc/nguyen-nhan-va-khac-phuc-may-bom-tang-ap-keu-lien-tuc,PASS,Đã được gửi và lập chỉ mục,2026-05-28T17:59:35Z
https://thanhthaimotor.com/en/water-pumps/horizontal-stainless-steel-high-head-water-pump-edh-10-40-1-5kw-2hp,PASS,Đã được gửi và lập chỉ mục,2026-06-08T12:24:10Z
https://thanhthaimotor.com/may-bom-nuoc/may-bom-hoa-tien-5-5kw-7-5hp,PASS,Đã được gửi và lập chỉ mục,2026-05-31T19:26:02Z
https://thanhthaimotor.com/en/blog/vibration-motor-consultations,NEUTRAL,Bị loại trừ bởi thẻ 'noindex',2026-06-10T23:36:21Z
https://thanhthaimotor.com/kien-thuc-dien-co/tu-van-hop-giam-toc/cach-chon-hop-giam-toc,PASS,Đã được gửi và lập chỉ mục,2026-06-05T13:18:29Z
https://thanhthaimotor.com/kien-thuc-dien-co/lo-motor-dien-moi-da-ve-du-cong-suat-san-kho-giao-nhanh-toan-quoc,PASS,Đã được gửi và lập chỉ mục,2026-05-02T10:38:01Z
https://thanhthaimotor.com/may-bom-nuoc/bom-tang-ap-1-1kw-1-5hp,NEUTRAL,Đã thu thập dữ liệu – hiện chưa được lập chỉ mục,2026-04-07T02:08:53Z
https://thanhthaimotor.com/dong-co-giam-toc/motor-giam-toc-wps-60-0-37kw-0-5hp,PASS,Đã được gửi và lập chỉ mục,2026-06-01T06:02:00Z
"
                    https://thanhthaimotor.com/video/khop-noi/video-review-khop-noi-truc-48mm                ",PASS,Đã được gửi và lập chỉ mục,2026-05-31T10:05:07Z
"
                    https://thanhthaimotor.com/video/hop-giam-toc/video-review-hop-giam-toc-truc-vit-wpa-70                ",PASS,Đã được gửi và lập chỉ mục,2026-06-08T08:21:10Z
"
                    https://thanhthaimotor.com/video/dong-co-giam-toc/video-ky-thuat-cach-kiem-tra-ti-so-truyen-1-100-thuc-te-cua-motor-giam-toc                ",PASS,Đã được gửi và lập chỉ mục,2026-05-15T20:42:47Z
"
                    https://thanhthaimotor.com/video/hop-giam-toc/video-review-hop-giam-toc-2-cap-udl-1-5kw-nmrv-75                ",PASS,Đã được gửi và lập chỉ mục,2026-06-06T14:13:06Z
https://thanhthaimotor.com/dong-co-giam-toc/motor-giam-toc-tai-nang-truc-song-song-f-37kw-50hp,PASS,Đã được gửi và lập chỉ mục,2026-06-08T21:22:04Z
https://thanhthaimotor.com/hop-giam-toc/hop-giam-toc-tai-nang-truc-vuong-goc-s-7-5kw,PASS,Đã được gửi và lập chỉ mục,2026-06-03T17:34:32Z
https://thanhthaimotor.com/bien-tan/bien-tan-delta-7-5kw,PASS,Đã được gửi và lập chỉ mục,2026-06-08T14:25:30Z
https://thanhthaimotor.com/en/gearboxes/3-stage-gearbox-2-udl-1-5kw-and-1-wpda-80,PASS,Đã được gửi và lập chỉ mục,2026-06-02T11:46:06Z
https://thanhthaimotor.com/en/electromagnetic-brakes/electromagnetic-brake-0-18kw-0-25hp,PASS,Đã được gửi và lập chỉ mục,2026-06-08T08:14:14Z
https://thanhthaimotor.com/en/blog/gear-motor-consultations,NEUTRAL,Đã thu thập dữ liệu – hiện chưa được lập chỉ mục,2026-06-08T01:45:13Z
https://thanhthaimotor.com/en/gearboxes/s-series-helical-worm-gearbox-7-5kw-10hp,NEUTRAL,Đã thu thập dữ liệu – hiện chưa được lập chỉ mục,2026-05-25T04:55:55Z
https://thanhthaimotor.com/kien-thuc-dien-co/tu-van-may-bom-nuoc/huong-dan-lap-bom-tang-ap-cho-he-thong-nuoc-trong-nha-hieu-qua-nhat,PASS,Đã được gửi và lập chỉ mục,2026-05-28T05:09:03Z
https://thanhthaimotor.com/dong-co-giam-toc/motor-giam-toc-1-pha-2-2kw-3hp,PASS,Đã được gửi và lập chỉ mục,2026-06-08T02:33:27Z
https://thanhthaimotor.com/en/gear-motors/wpdx-175-gear-motor-7-5kw-10hp,PASS,Đã được gửi và lập chỉ mục,2026-06-01T15:51:57Z
https://thanhthaimotor.com/kien-thuc-dien-co/tu-van-may-bom-nuoc/xu-ly-may-bom-nuoc-keu-nhung-khong-chay-nguyen-nhan-cach-khac-phuc,NEUTRAL,Đã phát hiện thấy – hiện chưa được lập chỉ mục,N/A
https://thanhthaimotor.com/kien-thuc-dien-co/tu-van-may-bom-nuoc/may-bom-tang-ap-nuoc-nong-nang-luong-mat-troi-giai-phap-toi-uu,PASS,Đã được gửi và lập chỉ mục,2026-05-29T03:15:50Z
https://thanhthaimotor.com/en/couplings/chain-coupling-kc6018,NEUTRAL,Đã thu thập dữ liệu – hiện chưa được lập chỉ mục,2026-03-30T00:16:20Z
"
                    https://thanhthaimotor.com/video/puly/video-review-puly-truc-28mm                ",PASS,Đã được gửi và lập chỉ mục,2026-06-11T08:50:19Z
https://thanhthaimotor.com/kien-thuc-dien-co/tu-van-may-bom-nuoc/may-bom-nuoc-cong-suat-1000m3-h-giai-phap-cho-luu-luong-cuc-lon,NEUTRAL,Đã thu thập dữ liệu – hiện chưa được lập chỉ mục,2026-05-05T12:39:14Z
https://thanhthaimotor.com/dong-co-giam-toc/motor-giam-toc-3-cap-2-udl-1-5kw-va-1-nmrv-75,PASS,Đã được gửi và lập chỉ mục,2026-06-08T02:05:42Z
https://thanhthaimotor.com/dong-co-giam-toc/motor-giam-toc-mini-140w,PASS,Đã được gửi và lập chỉ mục,2026-06-03T22:45:44Z
https://thanhthaimotor.com/en/blog/centrifugal-fan-bearing-consultations,PASS,Đã được gửi và lập chỉ mục,2026-06-01T11:18:31Z
https://thanhthaimotor.com/en/variable-frequency-drives/delta-variable-frequency-drive-1-5kw,PASS,Đã được gửi và lập chỉ mục,2026-05-31T06:54:50Z
https://thanhthaimotor.com/bien-tan-tren-10kw-fuji,PASS,Đã được gửi và lập chỉ mục,2026-06-10T20:38:25Z
https://thanhthaimotor.com/khop-noi-duoi-50mm,PASS,Đã được gửi và lập chỉ mục,2026-06-08T23:13:26Z
https://thanhthaimotor.com/kien-thuc-dien-co/tu-van-bien-tan/huong-dan-chi-tiet-cach-cai-dat-bien-tan-gtake-chuan-ky-thuat,PASS,Đã được gửi và lập chỉ mục,2026-06-05T12:35:44Z
https://thanhthaimotor.com/hop-giam-toc/hop-so-giam-toc-cycloid-1-5kw-2hp,PASS,Đã được gửi và lập chỉ mục,2026-06-06T10:31:49Z
https://thanhthaimotor.com/hop-giam-toc/hop-giam-toc-truc-vit-wpda-135,PASS,Đã được gửi và lập chỉ mục,2026-06-06T01:57:42Z
https://thanhthaimotor.com/kien-thuc-dien-co/tu-van-may-bom-nuoc/may-bom-chim-hut-cat-la-gi,PASS,Đã được gửi và lập chỉ mục,2026-05-29T06:16:15Z
https://thanhthaimotor.com/en/couplings/chain-coupling-kc10020,PASS,Đã được gửi và lập chỉ mục,2026-05-29T22:59:43Z
https://thanhthaimotor.com/dong-co-giam-toc/motor-giam-toc-1-pha-0-8kw-1hp,PASS,Đã được gửi và lập chỉ mục,2026-06-07T00:30:02Z
https://thanhthaimotor.com/kien-thuc-dien-co/tu-van-hop-giam-toc/huong-dan-lua-chon-lap-dat-va-bao-tri-hieu-qua-vong-chan-dau-hop-giam-toc,PASS,Đã được gửi và lập chỉ mục,2026-05-28T16:10:52Z
https://thanhthaimotor.com/kien-thuc-dien-co/tu-van-dong-co-dien/ie2-la-gi-giai-ma-tieu-chuan-hieu-suat-dong-co-dien-ie2,PASS,Đã được gửi và lập chỉ mục,2026-06-07T03:40:37Z
"
                    https://thanhthaimotor.com/video/dong-co-giam-toc/video-review-motor-giam-toc-wpda-70-0-55kw-0-75hp                ",PASS,Đã được gửi và lập chỉ mục,2026-06-08T01:32:33Z
"
                    https://thanhthaimotor.com/video/puly/video-review-puly-truc-14mm                ",PASS,Đã được gửi và lập chỉ mục,2026-06-08T02:36:20Z
"
                    https://thanhthaimotor.com/video/puly/video-review-puly-truc-11mm                ",PASS,Đã được gửi và lập chỉ mục,2026-06-08T02:36:09Z
https://thanhthaimotor.com/bien-tan/bien-tan-fuji-11kw,PASS,Đã được gửi và lập chỉ mục,2026-06-05T02:42:44Z
https://thanhthaimotor.com/hop-giam-toc/hop-giam-toc-truc-vit-wpo-40,PASS,Đã được gửi và lập chỉ mục,2026-05-24T19:16:43Z
https://thanhthaimotor.com/may-bom-nuoc-duoi-50m3-h,PASS,Đã được gửi và lập chỉ mục,2026-06-10T03:04:47Z
https://thanhthaimotor.com/en/pulleys/14mm-shaft-pulley,PASS,Đã được gửi và lập chỉ mục,2026-04-25T05:28:00Z
https://thanhthaimotor.com/dong-co-giam-toc/motor-giam-toc-2-cap-udl-1-5kw-wpda-100,PASS,Đã được gửi và lập chỉ mục,2026-06-01T15:28:38Z
https://thanhthaimotor.com/kien-thuc-dien-co/tu-van-bien-tan/huong-dan-cai-dat-bien-tan-teco-dung-chuan-an-toan-va-hieu-qua,PASS,Đã được gửi và lập chỉ mục,2026-06-05T15:00:24Z
https://thanhthaimotor.com/kien-thuc-dien-co/tu-van-dong-co-dien/thong-so-bac-dan,PASS,Đã được gửi và lập chỉ mục,2026-06-08T02:35:06Z
https://thanhthaimotor.com/en/variable-frequency-drives/siemens-variable-frequency-drive-30kw,NEUTRAL,Đã thu thập dữ liệu – hiện chưa được lập chỉ mục,2026-04-13T17:11:08Z
https://thanhthaimotor.com/en/gearboxes/cycloidal-gearbox-3kw-4hp,PASS,Đã được gửi và lập chỉ mục,2026-06-08T05:54:42Z
https://thanhthaimotor.com/kien-thuc-dien-co/tu-van-bien-tan/bien-tan-cho-may-nen-khi-la-gi-loi-ich-noi-bat-va-cach-chon,PASS,Đã được gửi và lập chỉ mục,2026-06-07T10:19:06Z
https://thanhthaimotor.com/may-bom-nuoc/may-bom-nuoc-day-cao-lepono-xkm60-1,PASS,Đã được gửi và lập chỉ mục,2026-06-09T03:21:16Z
https://thanhthaimotor.com/may-bom-nuoc/may-bom-nuoc-teco-15kw-20hp,PASS,Đã được gửi và lập chỉ mục,2026-06-08T04:13:00Z
https://thanhthaimotor.com/kien-thuc-dien-co/tu-van-may-bom-nuoc/tu-dien-may-bom-chim-la-gi-cau-tao-chuc-nang-va-cach-lua-chon,PASS,Đã được gửi và lập chỉ mục,2026-06-07T03:20:13Z
https://thanhthaimotor.com/en/variable-frequency-drives/mitsubishi-variable-frequency-drive-18kw,PASS,Đã được gửi và lập chỉ mục,2026-06-09T13:05:01Z
https://thanhthaimotor.com/kien-thuc-dien-co/tu-van-dong-co-giam-toc/cach-do-ampe-khong-tai-motor-giam-toc-3-pha,PASS,Đã được gửi và lập chỉ mục,2026-05-20T13:59:26Z
https://thanhthaimotor.com/en/vacuum-pumps-under-50m3-h,NEUTRAL,Đã thu thập dữ liệu – hiện chưa được lập chỉ mục,2026-06-08T06:21:27Z
https://thanhthaimotor.com/dong-co-dien/dong-co-dien-1-pha-0-55kw-0-75hp,PASS,Đã được gửi và lập chỉ mục,2026-06-10T15:09:09Z
https://thanhthaimotor.com/hop-giam-toc/hop-giam-toc-vit-me-swld50-swl50,PASS,Đã được gửi và lập chỉ mục,2026-06-06T02:13:25Z
https://thanhthaimotor.com/kien-thuc-dien-co/tu-van-may-bom-nuoc/tai-sao-may-bom-tang-ap-bi-ro-dien-cach-xu-ly-an-toan-va-dung-ky-thuat,PASS,Đã được gửi và lập chỉ mục,2026-06-08T02:00:39Z
https://thanhthaimotor.com/hop-giam-toc-hop-tai-nang-truc-thang-r-3-cap,PASS,Đã được gửi và lập chỉ mục,2026-05-28T01:50:48Z
https://thanhthaimotor.com/hop-giam-toc/hop-giam-toc-tai-nang-truc-song-song-f-5-5kw,PASS,Đã được gửi và lập chỉ mục,2026-06-03T19:46:15Z
https://thanhthaimotor.com/dong-co-giam-toc/motor-giam-toc-mini-nmrv-40-140w,PASS,Đã được gửi và lập chỉ mục,2026-05-19T22:12:37Z
https://thanhthaimotor.com/en/gearboxes/wpo-40-worm-gearbox,PASS,Đã được gửi và lập chỉ mục,2026-06-08T01:37:27Z
https://thanhthaimotor.com/kien-thuc-dien-co/tu-van-bien-tan/bo-loc-trong-bien-tan-dung-de-lam-gi,PASS,Đã được gửi và lập chỉ mục,2026-06-07T11:35:17Z
https://thanhthaimotor.com/kien-thuc-dien-co/tu-van-may-bom-nuoc/giai-phap-bom-tang-ap-cong-suat-lon-nang-cao-hieu-suat-he-thong-cap-nuoc,PASS,Đã được gửi và lập chỉ mục,2026-05-28T15:42:32Z
"
                    https://thanhthaimotor.com/video/dong-co-dien/video-review-dong-co-dien-co-phanh-0-55kw-0-75hp                ",PASS,Đã được gửi và lập chỉ mục,2026-06-08T02:10:02Z
https://thanhthaimotor.com/en/couplings/chain-coupling-kc4016,PASS,Đã được gửi và lập chỉ mục,2026-06-03T07:55:36Z
https://thanhthaimotor.com/video/thang-tu,PASS,Đã được gửi và lập chỉ mục,2026-06-07T20:33:59Z
https://thanhthaimotor.com/hop-giam-toc-truc-vit-banh-vit-3-cap,NEUTRAL,Đã thu thập dữ liệu – hiện chưa được lập chỉ mục,2026-04-15T04:04:16Z
https://thanhthaimotor.com/dong-co-giam-toc/motor-giam-toc-2-cap-udl-0-37kw-wpdx-60,PASS,Đã được gửi và lập chỉ mục,2026-06-08T05:14:52Z
https://thanhthaimotor.com/dong-co-giam-toc/motor-giam-toc-tai-nang-cycloid-11kw-15hp,PASS,Đã được gửi và lập chỉ mục,2026-06-09T10:27:49Z
https://thanhthaimotor.com/en/gear-motors/nmrv-40-gear-motor-0-18kw-0-25hp,PASS,Đã được gửi và lập chỉ mục,2026-06-03T11:17:04Z
https://thanhthaimotor.com/en/gear-motors/wpo-175-gear-motor-7-5kw-10hp,NEUTRAL,Đã thu thập dữ liệu – hiện chưa được lập chỉ mục,2026-04-06T08:52:09Z
https://thanhthaimotor.com/dong-co-giam-toc/motor-giam-toc-tai-nang-truc-vuong-goc-s-18-5kw-25hp,PASS,Đã được gửi và lập chỉ mục,2026-05-31T16:25:36Z
"
                    https://thanhthaimotor.com/video/may-bom-nuoc/video-review-bom-hut-chan-khong-5-5kw-7-5hp                ",PASS,Đã được gửi và lập chỉ mục,2026-05-30T09:23:31Z
https://thanhthaimotor.com/kien-thuc-dien-co/tu-van-dong-co-buoc/thao-dong-co-buoc,PASS,Đã được gửi và lập chỉ mục,2026-06-08T03:21:03Z
"
                    https://thanhthaimotor.com/video/hop-giam-toc/video-review-hop-giam-toc-truc-vit-wpo-100                ",PASS,Đã được gửi và lập chỉ mục,2026-06-08T08:32:35Z
https://thanhthaimotor.com/kien-thuc-dien-co/tu-van-bien-tan/so-do-dau-noi-bien-tan-luxpower-chi-tiet-va-chuan-ky-thuat,PASS,Đã được gửi và lập chỉ mục,2026-06-09T01:59:55Z
https://thanhthaimotor.com/en/high-head-1-phase-pumps,PASS,Đã được gửi và lập chỉ mục,2026-05-27T00:47:51Z
"
                    https://thanhthaimotor.com/video/dong-co-giam-toc/video-review-motor-giam-toc-wpa-120-3kw-4hp                ",PASS,Đã được gửi và lập chỉ mục,2026-05-22T22:41:54Z
https://thanhthaimotor.com/hop-giam-toc/hop-so-giam-toc-zq-250,PASS,Đã được gửi và lập chỉ mục,2026-06-06T06:17:17Z
https://thanhthaimotor.com/dong-co-giam-toc/motor-giam-toc-wps-120-3kw-4hp,PASS,Đã được gửi và lập chỉ mục,2026-05-28T12:16:36Z
https://thanhthaimotor.com/kien-thuc-dien-co/tu-van-bien-tan/huong-dan-chi-tiet-cach-xu-ly-ma-loi-bien-tan-ls-hieu-qua,PASS,Đã được gửi và lập chỉ mục,2026-05-27T07:03:35Z
https://thanhthaimotor.com/kien-thuc-dien-co/tu-van-dong-co-buoc/cam-bien-dieu-khien-khoang-cach-dong-co-buoc,PASS,Đã được gửi và lập chỉ mục,2026-06-08T04:30:56Z
https://thanhthaimotor.com/en/vibratory-equipment/vibratory-equipment-1-1kw-1-5hp,NEUTRAL,Đã thu thập dữ liệu – hiện chưa được lập chỉ mục,2026-04-16T03:36:58Z
https://thanhthaimotor.com/may-bom-nuoc/may-bom-nuoc-1-pha-cong-suat-0-75kw-1hp,PASS,Đã được gửi và lập chỉ mục,2026-06-01T16:00:06Z
https://thanhthaimotor.com/kien-thuc-dien-co/tu-van-dong-co-dien/cac-loi-thuong-gap-dong-co-3-pha,PASS,Đã được gửi và lập chỉ mục,2026-06-01T02:27:14Z
https://thanhthaimotor.com/kien-thuc-dien-co/tu-van-dong-co-dien/dong-co-khong-choi-than-drone-giai-phap-hieu-suat-toi-uu,PASS,Đã được gửi và lập chỉ mục,2026-06-08T09:54:03Z
https://thanhthaimotor.com/kien-thuc-dien-co/tu-van-may-bom-nuoc/may-bom-bi-tut-nuoc-moi,PASS,Đã được gửi và lập chỉ mục,2026-06-08T21:52:15Z
https://thanhthaimotor.com/dong-co-giam-toc/motor-giam-toc-wpdx-80-1-1kw-1-5hp,PASS,Đã được gửi và lập chỉ mục,2026-06-07T23:42:08Z
"
                    https://thanhthaimotor.com/video/hop-giam-toc/video-review-hop-giam-toc-truc-vit-wpda-80                ",PASS,Đã được gửi và lập chỉ mục,2026-06-08T06:02:43Z
https://thanhthaimotor.com/hop-giam-toc/hop-giam-toc-3-cap-2-udl-0-8kw-va-1-wpdo-70,PASS,Đã được gửi và lập chỉ mục,2026-06-11T08:45:17Z
https://thanhthaimotor.com/hop-giam-toc/hop-giam-toc-truc-vit-wpo-250,PASS,Đã được gửi và lập chỉ mục,2026-06-07T13:11:59Z
https://thanhthaimotor.com/kien-thuc-dien-co/tu-van-hop-giam-toc/bang-gia-hop-giam-toc-tai-nang-hb-chuyen-huong-t-1-cap-moi-nhat,PASS,Đã được gửi và lập chỉ mục,2026-06-10T07:23:48Z
https://thanhthaimotor.com/may-bom-nuoc/may-bom-hoa-tien-11kw-15hp,PASS,Đã được gửi và lập chỉ mục,2026-06-02T12:34:25Z
"
                    https://thanhthaimotor.com/video/dong-co-giam-toc/video-review-motor-giam-toc-wpds-60-0-25kw-0-34hp                ",NEUTRAL,Đã phát hiện thấy – hiện chưa được lập chỉ mục,N/A
"
                    https://thanhthaimotor.com/video/dong-co-giam-toc/video-review-motor-giam-toc-wpa-50-0-18kw-0-25hp                ",PASS,Đã được gửi và lập chỉ mục,2026-06-08T01:48:48Z
https://thanhthaimotor.com/en/worm-gearboxes,PASS,Đã được gửi và lập chỉ mục,2026-06-07T21:21:12Z
https://thanhthaimotor.com/kien-thuc-dien-co/tu-van-bien-tan/huong-dan-cai-dat-bien-tan-sinovo-don-gian-va-hieu-qua-nhat,PASS,Đã được gửi và lập chỉ mục,2026-06-08T09:53:46Z
https://thanhthaimotor.com/en/3-phase-borehole-pumps,NEUTRAL,Đã thu thập dữ liệu – hiện chưa được lập chỉ mục,2026-04-09T09:50:49Z
https://thanhthaimotor.com/en/gear-motors/wpdx-40-gear-motor-0-18kw-0-25hp,PASS,Đã được gửi và lập chỉ mục,2026-06-07T12:11:35Z
https://thanhthaimotor.com/kien-thuc-dien-co/tu-van-may-bom-nuoc/top-8-may-bom-nuoc-rua-xe-ban-chay-nhat-tai-thanh-thai-motor,NEUTRAL,Đã phát hiện thấy – hiện chưa được lập chỉ mục,N/A
"
                    https://thanhthaimotor.com/video/motor-rung-dam-rung/video-bao-gia-motor-rung-dam-rung-04-2026                ",PASS,Đã được gửi và lập chỉ mục,2026-06-08T02:19:49Z
https://thanhthaimotor.com/dong-co-giam-toc/motor-giam-toc-2-cap-udl-0-37kw-wpds-60,PASS,Đã được gửi và lập chỉ mục,2026-06-06T02:36:12Z
https://thanhthaimotor.com/en/gearboxes/2-stage-udl-0-8kw-wpdx-70-gearbox,PASS,Đã được gửi và lập chỉ mục,2026-05-31T21:59:20Z
https://thanhthaimotor.com/en/vibratory-equipment/vibratory-equipment-2-4kw,PASS,Đã được gửi và lập chỉ mục,2026-06-08T11:10:05Z
https://thanhthaimotor.com/kien-thuc-dien-co/tu-van-bien-tan/huong-dan-cai-dat-bien-tan-deye-5kw-dung-chuan-cho-nguoi-moi,PASS,Đã được gửi và lập chỉ mục,2026-06-01T17:27:16Z
https://thanhthaimotor.com/kien-thuc-dien-co/tu-van-dong-co-dien/top-cong-ty-dien-co-thanh-pho-ho-chi-minh-uy-tin-hang-dau,PASS,Đã được gửi và lập chỉ mục,2026-05-29T08:49:33Z
https://thanhthaimotor.com/en/gearboxes/worm-gearbox-wpwka-40,PASS,Đã được gửi và lập chỉ mục,2026-06-07T04:20:31Z
https://thanhthaimotor.com/en/variable-frequency-drives/invt-variable-frequency-drive-0-75kw,NEUTRAL,Đã thu thập dữ liệu – hiện chưa được lập chỉ mục,2026-04-24T17:44:13Z
"
                    https://thanhthaimotor.com/video/dong-co-giam-toc/video-review-motor-giam-toc-wpo-100-1-1kw-1-5hp                ",NEUTRAL,Đã phát hiện thấy – hiện chưa được lập chỉ mục,N/A
https://thanhthaimotor.com/en/gearboxes/f-series-parallel-shaft-helical-gearbox-4-0kw-5-5hp,NEUTRAL,Đã thu thập dữ liệu – hiện chưa được lập chỉ mục,2026-04-19T23:42:47Z
https://thanhthaimotor.com/kien-thuc-dien-co/tu-van-hop-giam-toc/bang-gia-hop-giam-toc-zq-2-cap-moi-nhat,PASS,Đã được gửi và lập chỉ mục,2026-05-05T13:03:21Z
"
                    https://thanhthaimotor.com/video/hop-giam-toc/video-review-hop-giam-toc-2-cap-nmrv-40-50                ",PASS,Đã được gửi và lập chỉ mục,2026-06-08T07:40:50Z
https://thanhthaimotor.com/kien-thuc-dien-co/tu-van-dong-co-dien/huong-dan-thao-lap-dong-co-dien-1-pha,PASS,Đã được gửi và lập chỉ mục,2026-06-08T17:20:30Z
https://thanhthaimotor.com/kien-thuc-dien-co/tu-van-may-bom-nuoc/may-bom-nuoc-750w-gia-bao-nhieu-cac-yeu-to-anh-huong-bang-gia,NEUTRAL,Đã thu thập dữ liệu – hiện chưa được lập chỉ mục,2026-06-08T04:18:38Z
https://thanhthaimotor.com/kien-thuc-dien-co/tu-van-dong-co-dien/motor-chiu-nhiet-class-f-la-gi,PASS,Đã được gửi và lập chỉ mục,2026-06-06T02:55:17Z
https://thanhthaimotor.com/motor-rung/dong-co-rung-dam-rung-1-5kw-2hp,PASS,Đã được gửi và lập chỉ mục,2026-06-07T21:07:15Z
https://thanhthaimotor.com/en/gearboxes/wpo-70-worm-gearbox,NEUTRAL,Đã thu thập dữ liệu – hiện chưa được lập chỉ mục,2026-04-27T21:31:10Z
https://thanhthaimotor.com/goi-do-quat-ly-tam/goi-do-quat-ly-tam-6311,PASS,Đã được gửi và lập chỉ mục,2026-06-10T19:35:43Z
https://thanhthaimotor.com/may-bom-nuoc/may-bom-hoa-tien-370w,PASS,Đã được gửi và lập chỉ mục,2026-05-29T22:41:05Z
https://thanhthaimotor.com/en/gearboxes/wpdx-50-worm-gearbox,PASS,Đã được gửi và lập chỉ mục,2026-06-09T01:07:20Z
https://thanhthaimotor.com/dong-co-giam-toc/motor-giam-toc-wpda-135-4kw-5-5hp,PASS,Đã được gửi và lập chỉ mục,2026-06-06T07:22:55Z
https://thanhthaimotor.com/bien-tan/bien-tan-abb-2-2kw,PASS,Đã được gửi và lập chỉ mục,2026-06-10T03:25:32Z
https://thanhthaimotor.com/kien-thuc-dien-co/tu-van-dong-co-dien/cach-chon-may-bom-dau-thuy-luc-huong-dan-chuyen-sau-tu-thanh-thai-motor,NEUTRAL,Đã thu thập dữ liệu – hiện chưa được lập chỉ mục,2026-06-01T17:19:14Z
https://thanhthaimotor.com/en/couplings/chain-coupling-kc4014,NEUTRAL,Đã thu thập dữ liệu – hiện chưa được lập chỉ mục,2026-04-30T18:12:33Z
https://thanhthaimotor.com/en/gear-motors/mini-140w-gear-motor,PASS,Đã được gửi và lập chỉ mục,2026-05-08T22:12:04Z
https://thanhthaimotor.com/en/centrifugal-water-pumps-under-50m3-h,PASS,Đã được gửi và lập chỉ mục,2026-05-31T03:20:56Z
https://thanhthaimotor.com/dong-co-dien/dong-co-dien-3-pha-90kw-125hp,PASS,Đã được gửi và lập chỉ mục,2026-06-07T21:48:16Z
https://thanhthaimotor.com/kien-thuc-dien-co/tu-van-may-bom-nuoc/giai-phap-bom-tang-ap-mini-24v-hieu-qua-cho-he-thong-nuoc-gia-dinh,PASS,Đã được gửi và lập chỉ mục,2026-05-31T20:39:56Z
https://thanhthaimotor.com/en/gear-motors/heavy-duty-k-series-helical-bevel-gear-motor-18-5kw-25hp,PASS,Đã được gửi và lập chỉ mục,2026-06-01T01:59:37Z
https://thanhthaimotor.com/dong-co-dien-duoi-3-7kw,PASS,Đã được gửi và lập chỉ mục,2026-06-06T03:54:50Z
https://thanhthaimotor.com/en/mitsubishi-variable-frequency-drives-under-10kw,PASS,Đã được gửi và lập chỉ mục,2026-05-31T03:20:38Z
https://thanhthaimotor.com/en/gear-motors/wpda-80-gear-motor-1-1kw-1-5hp,PASS,Đã được gửi và lập chỉ mục,2026-05-31T17:20:35Z
"
                    https://thanhthaimotor.com/video/dong-co-dien/video-review-dong-co-dien-3-pha-7-5kw-10hp                ",PASS,Đã được gửi và lập chỉ mục,2026-06-08T01:45:05Z
"
                    https://thanhthaimotor.com/video/dong-co-giam-toc/video-review-motor-giam-toc-wpda-155-5-5kw-7-5hp                ",NEUTRAL,Đã phát hiện thấy – hiện chưa được lập chỉ mục,N/A
https://thanhthaimotor.com/hop-giam-toc-dieu-toc-co-1-cap,PASS,Đã được gửi và lập chỉ mục,2026-06-08T02:12:31Z
https://thanhthaimotor.com/motor-rung/dong-co-rung-dam-rung-2-4kw,PASS,Đã được gửi và lập chỉ mục,2026-06-08T08:14:39Z
"
                    https://thanhthaimotor.com/video/dong-co-giam-toc/video-review-motor-giam-toc-wpds-60-0-37kw-0-5hp                ",PASS,Đã được gửi và lập chỉ mục,2026-05-04T10:29:06Z
https://thanhthaimotor.com/en/3-phase-submersible-pumps,PASS,Đã được gửi và lập chỉ mục,2026-06-08T09:53:41Z
https://thanhthaimotor.com/kien-thuc-dien-co/tu-van-dong-co-dien/12-12-2025-nguyen-container-motor-dien-1-pha-3-pha-va-phong-no-da-ve-kho-thanh-thai-motor,NEUTRAL,Đã thu thập dữ liệu – hiện chưa được lập chỉ mục,2026-01-27T03:37:21Z
"
                    https://thanhthaimotor.com/video/dong-co-giam-toc/video-review-motor-giam-toc-2-cap-nmrv-63-75                ",ERROR,The read operation timed out,N/A
"
                    https://thanhthaimotor.com/video/dong-co-giam-toc/video-review-motor-giam-toc-2-cap-udl-2-2kw-nmrv-75                ",NEUTRAL,Đã phát hiện thấy – hiện chưa được lập chỉ mục,N/A
https://thanhthaimotor.com/hop-giam-toc/hop-giam-toc-3-cap-2-udl-0-8kw-va-1-r47,PASS,Đã được gửi và lập chỉ mục,2026-06-08T00:03:47Z
https://thanhthaimotor.com/dong-co-giam-toc,PASS,Đã được gửi và lập chỉ mục,2026-06-09T16:14:07Z
https://thanhthaimotor.com/bien-tan/bien-tan-siemens-0-75kw,PASS,Đã được gửi và lập chỉ mục,2026-06-06T03:42:20Z
https://thanhthaimotor.com/en/gear-motors/wpx-60-gear-motor-0-37kw-0-5hp,PASS,Đã được gửi và lập chỉ mục,2026-06-06T16:39:55Z
https://thanhthaimotor.com/hop-giam-toc/hop-giam-toc-3-cap-2-udl-0-8kw-va-1-cycloid-x2,PASS,Đã được gửi và lập chỉ mục,2026-06-08T00:27:27Z
https://thanhthaimotor.com/en/water-pumps/3-phase-water-pump-2-2kw-3hp,ERROR,The read operation timed out,N/A
https://thanhthaimotor.com/kien-thuc-dien-co/tu-van-dong-co-dien/cach-bao-quan-tem-motor-chong-mo-chu-hieu-qua,PASS,Đã được gửi và lập chỉ mục,2026-05-15T09:46:05Z
https://thanhthaimotor.com/en/gear-motors/wpo-100-gear-motor-1-5kw-2hp,PASS,Đã được gửi và lập chỉ mục,2026-05-31T17:16:11Z
https://thanhthaimotor.com/en/variable-frequency-drives/fuji-variable-frequency-drive-5-5kw,NEUTRAL,Đã thu thập dữ liệu – hiện chưa được lập chỉ mục,2026-04-16T01:52:55Z
https://thanhthaimotor.com/en/air-blowers/air-blower-1-5kw-2hp,PASS,Đã được gửi và lập chỉ mục,2026-06-05T07:00:38Z
https://thanhthaimotor.com/hop-giam-toc/hop-giam-toc-2-cap-nmrv-75-110,ERROR,The read operation timed out,N/A
"
                    https://thanhthaimotor.com/video/hop-giam-toc/video-review-hop-giam-toc-tai-nang-truc-vuong-goc-k-7-5kw-10hp                ",PASS,Đã được gửi và lập chỉ mục,2026-05-11T17:02:36Z
https://thanhthaimotor.com/en/gearboxes/wpdo-80-worm-gearbox,PASS,Đã được gửi và lập chỉ mục,2026-06-04T16:56:43Z
https://thanhthaimotor.com/kien-thuc-dien-co/tu-van-may-bom-nuoc/bao-gia-may-bom-nuoc-day-cao-tren-50m3-h-moi-nhat,PASS,Đã được gửi và lập chỉ mục,2026-04-08T16:09:19Z
https://thanhthaimotor.com/kien-thuc-dien-co/tu-van-hop-giam-toc/hop-so-giam-toc-may-cat-co,PASS,Đã được gửi và lập chỉ mục,2026-05-28T21:35:21Z
"
                    https://thanhthaimotor.com/video/dong-co-giam-toc/video-review-motor-giam-toc-nmrv-90-1-5kw-2hp                ",NEUTRAL,Đã phát hiện thấy – hiện chưa được lập chỉ mục,N/A
https://thanhthaimotor.com/dong-co-giam-toc/motor-giam-toc-wps-100-1-5kw-2hp,PASS,Đã được gửi và lập chỉ mục,2026-06-01T15:37:04Z
https://thanhthaimotor.com/kien-thuc-dien-co/tu-van-may-bom-nuoc/may-bom-chim-bi-nong-nguyen-nhan-khac-phuc-phong-ngua-hieu-qua,PASS,Đã được gửi và lập chỉ mục,2026-05-11T09:12:11Z
https://thanhthaimotor.com/hop-giam-toc/hop-giam-toc-tai-nang-truc-vuong-goc-s-30kw,PASS,Đã được gửi và lập chỉ mục,2026-06-03T19:56:21Z
https://thanhthaimotor.com/kien-thuc-dien-co/tu-van-dong-co-dien/dong-co-khong-choi-than-1000w-hieu-suat-vuot-troi-cho-moi-nganh,PASS,Đã được gửi và lập chỉ mục,2026-05-07T22:06:32Z
"
                    https://thanhthaimotor.com/video/motor-rung-dam-rung/video-review-dong-co-rung-dam-rung-0-37kw-0-5hp                ",PASS,Đã được gửi và lập chỉ mục,2026-05-13T16:56:44Z
https://thanhthaimotor.com/dong-co-dien/dong-co-dien-1-pha-3-7kw-5hp,PASS,Đã được gửi và lập chỉ mục,2026-05-31T20:25:34Z
https://thanhthaimotor.com/en/gear-motors/nmrv-63-gear-motor-0-75kw-1hp,PASS,Đã được gửi và lập chỉ mục,2026-06-05T02:36:48Z
https://thanhthaimotor.com/en/gear-motors/3-stage-gear-motor-2-udl-0-37kw-and-1-wpds-60,PASS,Đã được gửi và lập chỉ mục,2026-06-08T07:05:11Z
"
                    https://thanhthaimotor.com/video/dong-co-giam-toc/video-review-motor-giam-toc-wpx-120-4kw-5-5hp                ",PASS,Đã được gửi và lập chỉ mục,2026-06-08T00:40:23Z
"
                    https://thanhthaimotor.com/video/quat-thoi-khi/video-review-motor-quat-thoi-3-7kw-5hp                ",PASS,Đã được gửi và lập chỉ mục,2026-06-08T00:31:18Z
https://thanhthaimotor.com/en/variable-frequency-drives/delta-variable-frequency-drive-37kw,NEUTRAL,Đã thu thập dữ liệu – hiện chưa được lập chỉ mục,2026-04-29T10:36:33Z
https://thanhthaimotor.com/en/electric-motors/1-phase-electric-motor-0-8kw-1hp,PASS,Đã được gửi và lập chỉ mục,2026-06-08T06:21:27Z
https://thanhthaimotor.com/en/water-pumps-under-50m3-h,NEUTRAL,Đã thu thập dữ liệu – hiện chưa được lập chỉ mục,2026-06-10T13:55:29Z
https://thanhthaimotor.com/kien-thuc-dien-co/tu-van-bien-tan/bang-gia-bien-tan-delta-tren-10kw-moi-nhat,NEUTRAL,Đã thu thập dữ liệu – hiện chưa được lập chỉ mục,2026-05-06T04:22:08Z
https://thanhthaimotor.com/kien-thuc-dien-co/tu-van-dong-co-buoc/dong-co-buoc-co-encoder-la-gi-ung-dung-va-cac-mau-pho-bien,PASS,Đã được gửi và lập chỉ mục,2026-06-08T02:04:42Z
https://thanhthaimotor.com/kien-thuc-dien-co/tu-van-dong-co-dien/phan-loai-va-dac-diem-cua-cac-loai-mo-to-dien-mini,PASS,Đã được gửi và lập chỉ mục,2026-06-08T15:54:52Z
https://thanhthaimotor.com/en/gear-motors/nmrv-gear-motor-75-1-1kw-1-5hp,PASS,Đã được gửi và lập chỉ mục,2026-06-08T09:59:54Z
https://thanhthaimotor.com/kien-thuc-dien-co/tu-van-may-bom-nuoc/may-bom-nuoc-day-cao-500m-la-gi-cau-tao-nguyen-ly-va-ung-dung,PASS,Đã được gửi và lập chỉ mục,2026-05-31T15:06:35Z
https://thanhthaimotor.com/video/may-bom-hoa-tien,PASS,Đã được gửi và lập chỉ mục,2026-06-08T09:10:24Z
https://thanhthaimotor.com/dong-co-giam-toc/motor-giam-toc-tai-nang-truc-vuong-goc-s-4kw-5-5hp,PASS,Đã được gửi và lập chỉ mục,2026-06-01T17:44:49Z
https://thanhthaimotor.com/may-bom-nuoc-3-pha-tren-3-7kw,PASS,Đã được gửi và lập chỉ mục,2026-06-06T04:50:34Z
https://thanhthaimotor.com/kien-thuc-dien-co/tu-van-dong-co-dien/chon-dong-co-cho-bang-tai,PASS,Đã được gửi và lập chỉ mục,2026-06-06T00:26:01Z
https://thanhthaimotor.com/hop-giam-toc/hop-giam-toc-truc-vit-wpwka-250,PASS,Đã được gửi và lập chỉ mục,2026-06-04T22:22:41Z
https://thanhthaimotor.com/en/pulleys/80mm-shaft-pulley,PASS,Đã được gửi và lập chỉ mục,2026-06-08T21:22:33Z
https://thanhthaimotor.com/puly,PASS,Đã được gửi và lập chỉ mục,2026-06-08T22:52:30Z
https://thanhthaimotor.com/en/variable-frequency-drives/schneider-variable-frequency-drive-18kw,PASS,Đã được gửi và lập chỉ mục,2026-06-05T00:26:08Z
https://thanhthaimotor.com/kien-thuc-dien-co/tu-van-khop-noi/so-sanh-khop-noi-xich-va-khop-noi-rang-phan-tich-ky-thuat-chuyen-sau,PASS,Đã được gửi và lập chỉ mục,2026-05-05T10:47:51Z
"
                    https://thanhthaimotor.com/video/motor-rung-dam-rung/video-review-dong-co-rung-dam-rung-0-66kw                ",PASS,Đã được gửi và lập chỉ mục,2026-06-08T08:36:15Z
https://thanhthaimotor.com/may-bom-nuoc-teco-duoi-3-7kw,PASS,Đã được gửi và lập chỉ mục,2026-06-07T23:54:31Z
https://thanhthaimotor.com/hop-giam-toc/hop-giam-toc-3-cap-2-udl-1-5kw-va-1-wpdo-100,PASS,Đã được gửi và lập chỉ mục,2026-06-09T18:18:53Z
https://thanhthaimotor.com/hop-giam-toc/hop-so-chuyen-huong-t,PASS,Đã được gửi và lập chỉ mục,2026-05-29T13:25:45Z
https://thanhthaimotor.com/en/1-phase-and-3-phase-electric-motors,NEUTRAL,Đã thu thập dữ liệu – hiện chưa được lập chỉ mục,2026-03-10T23:01:11Z
https://thanhthaimotor.com/en/water-pumps/high-head-water-pump-lepono-xkm80-1-0-75kw-1hp,PASS,Đã được gửi và lập chỉ mục,2026-06-08T22:13:37Z
https://thanhthaimotor.com/goi-do-quat-ly-tam,PASS,Đã được gửi và lập chỉ mục,2026-06-08T07:54:49Z
https://thanhthaimotor.com/may-bom-nuoc/may-bom-nuoc-ca-sau-1-5dk-22,PASS,Đã được gửi và lập chỉ mục,2026-06-08T06:24:45Z
https://thanhthaimotor.com/en/gear-motors/wpdo-80-gear-motor-1-5kw-2hp,PASS,Đã được gửi và lập chỉ mục,2026-06-08T08:12:36Z
https://thanhthaimotor.com/kien-thuc-dien-co/tu-van-bien-tan/top-7-bien-tan-cho-quat-thong-gio-tot-nhat-hien-nay,PASS,Đã được gửi và lập chỉ mục,2026-06-07T10:10:51Z
https://thanhthaimotor.com/en/variable-frequency-drives-under-10kw,PASS,Đã được gửi và lập chỉ mục,2026-06-11T06:17:19Z
https://thanhthaimotor.com/dong-co-dien/dong-co-dien-co-phanh-2-2kw-3hp,PASS,Đã được gửi và lập chỉ mục,2026-06-10T13:32:25Z
https://thanhthaimotor.com/en/couplings/chain-coupling-kc4012,PASS,Đã được gửi và lập chỉ mục,2026-06-06T01:57:27Z
https://thanhthaimotor.com/chinh-sach-thanh-toan,PASS,Đã được gửi và lập chỉ mục,2026-06-07T16:04:18Z
https://thanhthaimotor.com/kien-thuc-dien-co/tu-van-dong-co-dien/tong-hop-ki-hieu-dong-co-dien-1-chieu-y-nghia-cac-thong-so,PASS,Đã được gửi và lập chỉ mục,2026-05-21T08:43:11Z
https://thanhthaimotor.com/hop-giam-toc/hop-giam-toc-truc-vit-wpx-250,PASS,Đã được gửi và lập chỉ mục,2026-05-31T15:00:10Z
https://thanhthaimotor.com/dong-co-giam-toc/motor-giam-toc-wpda-135-3kw-4hp,PASS,Đã được gửi và lập chỉ mục,2026-06-04T17:00:05Z
https://thanhthaimotor.com/khop-noi/khop-noi-xich-kc3012,PASS,Đã được gửi và lập chỉ mục,2026-06-09T23:58:38Z
https://thanhthaimotor.com/en/gearboxes/f-series-parallel-shaft-helical-gearbox-18-5kw-25hp,PASS,Đã được gửi và lập chỉ mục,2026-06-02T11:58:21Z
https://thanhthaimotor.com/kien-thuc-dien-co/tu-van-dong-co-dien/cach-do-ampe-khong-tai-motor-phong-no,PASS,Đã được gửi và lập chỉ mục,2026-06-08T07:23:53Z
https://thanhthaimotor.com/dong-co-giam-toc/motor-giam-toc-tai-nang-truc-thang-r-55kw-75hp,PASS,Đã được gửi và lập chỉ mục,2026-05-31T16:23:21Z
https://thanhthaimotor.com/en/gear-motors/nmrv-30-gear-motor-0-18kw-0-25hp,PASS,Đã được gửi và lập chỉ mục,2026-05-28T12:19:52Z
https://thanhthaimotor.com/en/variable-frequency-drives/delta-variable-frequency-drive-2-2kw,PASS,Đã được gửi và lập chỉ mục,2026-05-29T16:35:08Z
https://thanhthaimotor.com/hop-giam-toc/hop-giam-toc-truc-vit-wpda-50,PASS,Đã được gửi và lập chỉ mục,2026-05-31T06:12:54Z
"
                    https://thanhthaimotor.com/video/hop-giam-toc/video-bao-gia-hop-giam-toc-nmrv-06-2026                ",PASS,Đã được gửi và lập chỉ mục,2026-05-30T09:24:14Z
https://thanhthaimotor.com/en/gear-motors/nmrv-50-63-2-stage-gear-motor,PASS,Đã được gửi và lập chỉ mục,2026-06-08T08:19:02Z
https://thanhthaimotor.com/kien-thuc-dien-co/tu-van-bien-tan/tong-hop-ma-loi-bien-tan-toshiba-ve-nguyen-nhan-va-cach-khac-phuc,PASS,Đã được gửi và lập chỉ mục,2026-05-28T19:16:38Z
https://thanhthaimotor.com/en/electric-motors/explosion-proof-motor-0-75kw-1hp,PASS,Đã được gửi và lập chỉ mục,2026-06-08T02:24:17Z
"
                    https://thanhthaimotor.com/video/dong-co-dien/07-04-2026-nhap-kho-2-container-dong-co-dien-hop-giam-toc-tai-nang-va-goi-do-quat-ly-tam                ",PASS,Đã được gửi và lập chỉ mục,2026-06-05T08:14:15Z
https://thanhthaimotor.com/kien-thuc-dien-co/tu-van-dong-co-dien/kpa-la-gi,PASS,Đã được gửi và lập chỉ mục,2026-05-28T23:54:09Z
https://thanhthaimotor.com/en/nmrv-3-stage-gearboxes,NEUTRAL,Đã thu thập dữ liệu – hiện chưa được lập chỉ mục,2026-05-18T08:19:50Z
https://thanhthaimotor.com/kien-thuc-dien-co/tu-van-hop-giam-toc/bang-gia-hop-giam-toc-zq-1-cap-moi-nhat,NEUTRAL,Đã thu thập dữ liệu – hiện chưa được lập chỉ mục,2026-05-05T06:04:14Z
https://thanhthaimotor.com/kien-thuc-dien-co/tu-van-may-bom-nuoc/may-bom-chim-nuoc-nong-cong-suat-cao-van-hanh-on-dinh,PASS,Đã được gửi và lập chỉ mục,2026-05-29T07:20:42Z
https://thanhthaimotor.com/en/centrifugal-water-pumps-over-50m3-h,PASS,Đã được gửi và lập chỉ mục,2026-05-31T03:20:52Z
https://thanhthaimotor.com/thang-tu-duoi-5-5kw,PASS,Đã được gửi và lập chỉ mục,2026-06-08T21:45:53Z
https://thanhthaimotor.com/may-bom-nuoc/may-bom-nuoc-day-cao-lepono-xkm80-1,PASS,Đã được gửi và lập chỉ mục,2026-06-08T05:57:03Z
https://thanhthaimotor.com/en/electromagnetic-brakes-from-5-5kw-to-7-5kw,PASS,Đã được gửi và lập chỉ mục,2026-06-01T07:57:15Z
https://thanhthaimotor.com/video/dong-co-giam-toc-dieu-toc-co,PASS,Đã được gửi và lập chỉ mục,2026-06-08T09:10:21Z
https://thanhthaimotor.com/may-bom-nuoc/may-bom-nuoc-day-cao-3-7kw-5hp,PASS,Đã được gửi và lập chỉ mục,2026-06-09T03:37:31Z
https://thanhthaimotor.com/en/centrifugal-pumps-below-3-7kw,NEUTRAL,Đã thu thập dữ liệu – hiện chưa được lập chỉ mục,2026-06-11T01:00:03Z
https://thanhthaimotor.com/en/1-phase-centrifugal-water-pumps,PASS,Đã được gửi và lập chỉ mục,2026-05-07T04:34:59Z
https://thanhthaimotor.com/dong-co-giam-toc/motor-giam-toc-wpdo100-1-5kw-2hp,PASS,Đã được gửi và lập chỉ mục,2026-06-09T01:47:28Z
https://thanhthaimotor.com/en/3-stage-worm-gearboxes,NEUTRAL,Đã thu thập dữ liệu – hiện chưa được lập chỉ mục,2026-03-06T22:37:01Z
https://thanhthaimotor.com/en/gearboxes/nmrv-75-gearbox,NEUTRAL,Đã thu thập dữ liệu – hiện chưa được lập chỉ mục,2026-05-06T15:56:37Z
https://thanhthaimotor.com/en/gearboxes/zq-350-gearbox,PASS,Đã được gửi và lập chỉ mục,2026-05-31T03:21:04Z
https://thanhthaimotor.com/en/gear-motors/heavy-duty-t-series-right-angle-bevel-gear-motor,PASS,Đã được gửi và lập chỉ mục,2026-05-31T17:49:56Z
"
                    https://thanhthaimotor.com/video/dong-co-giam-toc/video-review-motor-giam-toc-wps-135-4kw-5-5hp                ",PASS,Đã được gửi và lập chỉ mục,2026-05-05T10:25:48Z
https://thanhthaimotor.com/en/variable-frequency-drives/fuji-variable-frequency-drive-15kw,NEUTRAL,Đã thu thập dữ liệu – hiện chưa được lập chỉ mục,2026-05-05T08:02:19Z
https://thanhthaimotor.com/en/water-pumps/borehole-pump-1-1kw-1-5hp,PASS,Đã được gửi và lập chỉ mục,2026-06-01T04:03:53Z
https://thanhthaimotor.com/en/electromagnetic-brakes/electromagnetic-brake-5-5kw-7-5hp,NEUTRAL,Đã thu thập dữ liệu – hiện chưa được lập chỉ mục,2026-06-08T09:55:59Z
https://thanhthaimotor.com/hop-giam-toc/hop-giam-toc-2-cap-udl-0-37kw-wpdo-60,PASS,Đã được gửi và lập chỉ mục,2026-06-07T18:23:49Z
"
                    https://thanhthaimotor.com/video/dong-co-dien/video-bao-gia-dong-co-dien-motor-dien-thang-05-2026                ",PASS,Đã được gửi và lập chỉ mục,2026-06-08T04:15:55Z
https://thanhthaimotor.com/en/gearboxes/r-series-heavy-duty-inline-helical-gearbox-5-5kw-7-5hp,PASS,Đã được gửi và lập chỉ mục,2026-06-10T12:01:19Z
https://thanhthaimotor.com/dong-co-giam-toc-phanh-tu-thang-tu-duoi-1-1kw,PASS,Đã được gửi và lập chỉ mục,2026-06-06T03:59:02Z
https://thanhthaimotor.com/en/electric-motors/3-phase-electric-motor-0-75kw-1hp,PASS,Đã được gửi và lập chỉ mục,2026-06-10T05:37:01Z
https://thanhthaimotor.com/en/heavy-duty-f-series-parallel-shaft-helical-2-stage-gearboxes,NEUTRAL,Đã thu thập dữ liệu – hiện chưa được lập chỉ mục,2026-05-08T21:53:08Z
https://thanhthaimotor.com/kien-thuc-dien-co/tu-van-may-bom-nuoc/top-5-may-bom-nuoc-2m3-h-sieu-em-tiet-kiem-dien-cho-gia-dinh,NEUTRAL,Đã phát hiện thấy – hiện chưa được lập chỉ mục,N/A
https://thanhthaimotor.com/kien-thuc-dien-co/tu-van-may-bom-nuoc/may-bom-nuoc-dc-khong-choi-than-cau-tao-uu-diem-va-ung-dung,PASS,Đã được gửi và lập chỉ mục,2026-05-29T04:46:24Z
https://thanhthaimotor.com/kien-thuc-dien-co/tu-van-hop-giam-toc/cach-lap-hop-giam-toc-2-cap-dung-ky-thuat,NEUTRAL,Google không xác định được URL,N/A
https://thanhthaimotor.com/kien-thuc-dien-co/tu-van-hop-giam-toc/hop-giam-toc-khai-trien-la-gi-phan-loai-uu-nhuoc-diem-va-ung-dung-thuc-te,PASS,Đã được gửi và lập chỉ mục,2026-06-07T10:14:39Z
https://thanhthaimotor.com/kien-thuc-dien-co/tu-van-dong-co-dien/huong-dan-can-chinh-rotor-sau-khi-thay-vong-bi-chuan-ky-thuat,PASS,Đã được gửi và lập chỉ mục,2026-06-09T16:56:46Z
https://thanhthaimotor.com/en/gear-motors/wps-70-gear-motor-0-55kw-0-75hp,PASS,Đã được gửi và lập chỉ mục,2026-06-07T13:22:44Z
https://thanhthaimotor.com/khop-noi/khop-noi-truc-28mm,PASS,Đã được gửi và lập chỉ mục,2026-06-07T21:56:28Z
https://thanhthaimotor.com/en/cycloid-gear-motors,NEUTRAL,Đã thu thập dữ liệu – hiện chưa được lập chỉ mục,2026-04-22T09:15:29Z
"
                    https://thanhthaimotor.com/video/dong-co-giam-toc/video-review-motor-giam-toc-wpdo-60-0-37kw-0-5hp                ",PASS,Đã được gửi và lập chỉ mục,2026-06-08T08:08:35Z
https://thanhthaimotor.com/bien-tan-duoi-10kw-fuji,PASS,Đã được gửi và lập chỉ mục,2026-05-14T21:57:56Z
https://thanhthaimotor.com/en/gearboxes/wps-175-worm-gearbox,PASS,Đã được gửi và lập chỉ mục,2026-06-07T21:02:33Z
https://thanhthaimotor.com/hop-giam-toc/hop-giam-toc-truc-vit-wpda-200,PASS,Đã được gửi và lập chỉ mục,2026-05-30T21:59:04Z
https://thanhthaimotor.com/hop-giam-toc/hop-giam-toc-truc-vit-wp-50,PASS,Đã được gửi và lập chỉ mục,2026-05-31T19:45:06Z
https://thanhthaimotor.com/en/gear-motors/3-stage-gear-motor-2-udl-1-5kw-and-1-wpdo-80,PASS,Đã được gửi và lập chỉ mục,2026-06-08T07:35:23Z
https://thanhthaimotor.com/kien-thuc-dien-co/tu-van-dong-co-dien/ki-hieu-ip68-tren-dong-co-dien-la-gi-giai-ma-thong-so-chuan,PASS,Đã được gửi và lập chỉ mục,2026-05-15T09:21:55Z
https://thanhthaimotor.com/dong-co-dien/dong-co-dien-co-phanh-3kw-4hp,PASS,Đã được gửi và lập chỉ mục,2026-06-05T18:06:38Z
https://thanhthaimotor.com/en/k-series-1-stage-helical-bevel-gearboxes,PASS,Đã được gửi và lập chỉ mục,2026-05-26T20:54:45Z
"
                    https://thanhthaimotor.com/video/thang-tu/video-review-thang-tu-22kw-30hp                ",PASS,Đã được gửi và lập chỉ mục,2026-06-08T02:25:43Z
"
                    https://thanhthaimotor.com/video/dong-co-giam-toc/video-review-motor-giam-toc-wpx-70-0-75kw-1hp                ",PASS,Đã được gửi và lập chỉ mục,2026-06-01T20:23:21Z
"
                    https://thanhthaimotor.com/video/dong-co-giam-toc/video-review-motor-giam-toc-mini-90w                ",PASS,Đã được gửi và lập chỉ mục,2026-06-08T23:09:33Z
"
                    https://thanhthaimotor.com/video/dong-co-giam-toc/video-review-motor-giam-toc-wpx-100-1-1kw-1-5hp                ",PASS,Đã được gửi và lập chỉ mục,2026-06-08T08:20:02Z
https://thanhthaimotor.com/kien-thuc-dien-co/tu-van-may-bom-nuoc/nguyen-nhan-va-cach-khac-phuc-may-bom-tang-ap-keu-to-hieu-qua,NEUTRAL,Đã phát hiện thấy – hiện chưa được lập chỉ mục,N/A
https://thanhthaimotor.com/hop-giam-toc/hop-giam-toc-truc-vit-wpds-100,PASS,Đã được gửi và lập chỉ mục,2026-06-06T01:52:42Z
https://thanhthaimotor.com/kien-thuc-dien-co/tu-van-dong-co-dien/cac-phuong-phap-khoi-dong-dong-co-dien-3-pha-chuan-ky-thuat,PASS,Đã được gửi và lập chỉ mục,2026-05-13T09:43:28Z
"
                    https://thanhthaimotor.com/video/hop-giam-toc/video-review-hop-giam-toc-2-cap-udl-0-8kw-nmrv-63                ",PASS,Đã được gửi và lập chỉ mục,2026-05-22T09:29:30Z
https://thanhthaimotor.com/dong-co-giam-toc-nmrv-1-pha,PASS,Đã được gửi và lập chỉ mục,2026-06-01T16:13:35Z
https://thanhthaimotor.com/bien-tan/bien-tan-invt-2-2kw,PASS,Đã được gửi và lập chỉ mục,2026-06-03T16:36:42Z
https://thanhthaimotor.com/bien-tan/bien-tan-mitsubishi-7-5kw,PASS,Đã được gửi và lập chỉ mục,2026-06-08T23:29:47Z
https://thanhthaimotor.com/kien-thuc-dien-co/tu-van-may-bom-nuoc/may-bom-nuoc-gieng-khoan-la-gi,NEUTRAL,Đã thu thập dữ liệu – hiện chưa được lập chỉ mục,2026-02-02T02:00:41Z
https://thanhthaimotor.com/kien-thuc-dien-co/tu-van-dong-co-dien/so-do-dau-day-motor-1-pha-3-day,PASS,Đã được gửi và lập chỉ mục,2026-06-01T05:13:07Z
"
                    https://thanhthaimotor.com/video/hop-giam-toc/video-bao-gia-hop-giam-toc-04-2026                ",PASS,Đã được gửi và lập chỉ mục,2026-06-08T01:50:20Z
https://thanhthaimotor.com/dong-co-giam-toc/motor-giam-toc-tai-nang-truc-vuong-goc-s-5-5kw-7-5hp,PASS,Đã được gửi và lập chỉ mục,2026-06-01T18:29:48Z
https://thanhthaimotor.com/en/vacuum-pumps-under-3-7kw,NEUTRAL,Đã thu thập dữ liệu – hiện chưa được lập chỉ mục,2026-06-09T14:43:53Z
https://thanhthaimotor.com/en/gearboxes/wpdks-175-worm-gearbox,PASS,Đã được gửi và lập chỉ mục,2026-06-06T14:37:40Z
https://thanhthaimotor.com/bien-tan/bien-tan-mitsubishi-22kw,PASS,Đã được gửi và lập chỉ mục,2026-06-05T06:43:30Z
https://thanhthaimotor.com/kien-thuc-dien-co/tu-van-dong-co-dien/van-hanh-tot-dong-co-voi-mach-dieu-toc-dong-co-khong-choi-than,PASS,Đã được gửi và lập chỉ mục,2026-05-29T00:54:21Z
https://thanhthaimotor.com/en/gear-motors/wpo-250-gear-motor-15kw-20hp,PASS,Đã được gửi và lập chỉ mục,2026-06-06T04:02:46Z
https://thanhthaimotor.com/kien-thuc-dien-co/tu-van-dong-co-giam-toc/huong-dan-dau-day-cho-motor-giam-toc-3-pha,PASS,Đã được gửi và lập chỉ mục,2026-06-05T14:51:06Z
https://thanhthaimotor.com/en/variable-frequency-drives/invt-variable-frequency-drive-18kw,PASS,Đã được gửi và lập chỉ mục,2026-06-06T21:14:59Z
https://thanhthaimotor.com/may-bom-nuoc-bom-hut-chan-khong-tren-50m3-h,PASS,Đã được gửi và lập chỉ mục,2026-06-06T12:07:48Z
https://thanhthaimotor.com/en/gearboxes/screw-jack-gearbox-swld25-swl25,PASS,Đã được gửi và lập chỉ mục,2026-06-06T16:35:55Z
https://thanhthaimotor.com/en/gear-motors/2-stage-udl-0-8kw-wpda-70-gear-motor,PASS,Đã được gửi và lập chỉ mục,2026-06-10T18:58:56Z
"
                    https://thanhthaimotor.com/video/dong-co-dien/video-review-dong-co-dien-3-pha-0-8kw-1hp                ",PASS,Đã được gửi và lập chỉ mục,2026-05-13T23:01:06Z
"
                    https://thanhthaimotor.com/video/goi-do-quat-ly-tam/video-review-goi-do-quat-ly-tam-6308                ",PASS,Đã được gửi và lập chỉ mục,2026-06-08T08:39:52Z
https://thanhthaimotor.com/kien-thuc-dien-co/tu-van-quat-thoi-khi/quat-hut-ly-tam-co-tot-khong,PASS,Đã được gửi và lập chỉ mục,2026-06-01T16:41:53Z
https://thanhthaimotor.com/hop-giam-toc-zq-1-cap,PASS,Đã được gửi và lập chỉ mục,2026-06-08T16:58:23Z
https://thanhthaimotor.com/en/mini-1-phase-and-3-phase-gear-motors,NEUTRAL,Đã thu thập dữ liệu – hiện chưa được lập chỉ mục,2026-05-13T04:13:45Z
https://thanhthaimotor.com/en/gear-motors/heavy-duty-s-series-helical-worm-gear-motor-15kw-20hp,PASS,Đã được gửi và lập chỉ mục,2026-06-04T16:57:18Z
https://thanhthaimotor.com/en/gear-motors/heavy-duty-f-series-parallel-shaft-helical-gear-motor-5-5kw-7-5hp,PASS,Đã được gửi và lập chỉ mục,2026-06-01T10:38:32Z
"
                    https://thanhthaimotor.com/video/dong-co-giam-toc/video-review-motor-giam-toc-2-cap-nmrv-63-90                ",PASS,Đã được gửi và lập chỉ mục,2026-05-05T18:25:42Z
https://thanhthaimotor.com/dong-co-giam-toc/motor-giam-toc-wpds-40-0-18kw-0-25hp,PASS,Đã được gửi và lập chỉ mục,2026-05-31T06:46:34Z
https://thanhthaimotor.com/kien-thuc-dien-co/tu-van-dong-co-giam-toc/cach-kiem-tra-ti-so-truyen-1-100-thuc-te-cua-motor-giam-toc,PASS,Đã được gửi và lập chỉ mục,2026-06-09T10:52:24Z
https://thanhthaimotor.com/may-bom-nuoc-tang-ap-duoi-50m3-h,PASS,Đã được gửi và lập chỉ mục,2026-06-10T04:29:19Z
https://thanhthaimotor.com/may-bom-nuoc/may-bom-nuoc-teco-11kw-15hp,PASS,Đã được gửi và lập chỉ mục,2026-06-08T07:48:12Z
https://thanhthaimotor.com/dong-co-dien-1-pha-tren-3-7kw,PASS,Đã được gửi và lập chỉ mục,2026-06-05T03:44:00Z
https://thanhthaimotor.com/may-bom-nuoc-ly-tam,PASS,Đã được gửi và lập chỉ mục,2026-06-10T16:12:16Z
https://thanhthaimotor.com/en/high-head-water-pumps-over-50m3-h,PASS,Đã được gửi và lập chỉ mục,2026-06-01T02:29:30Z
https://thanhthaimotor.com/hop-giam-toc/hop-giam-toc-2-cap-udl-1-5kw-wpds-100,PASS,Đã được gửi và lập chỉ mục,2026-06-01T03:47:11Z
https://thanhthaimotor.com/kien-thuc-dien-co/tu-van-dong-co-dien/cach-tinh-dong-dien,PASS,Đã được gửi và lập chỉ mục,2026-06-05T03:39:06Z
https://thanhthaimotor.com/kien-thuc-dien-co/tu-van-bien-tan/cai-dat-bien-tan-best-chuan-tranh-loi-va-tiet-kiem-dien-nang,PASS,Đã được gửi và lập chỉ mục,2026-05-30T14:33:38Z
https://thanhthaimotor.com/kien-thuc-dien-co/tu-van-may-bom-nuoc/cach-lap-dat-may-bom-tang-ap-dien-tu-chuan-tai-nha,PASS,Đã được gửi và lập chỉ mục,2026-05-21T09:07:21Z
"
                    https://thanhthaimotor.com/video/dong-co-dien/video-review-dong-co-dien-3-pha-0-37kw-0-5hp                ",PASS,Đã được gửi và lập chỉ mục,2026-06-07T12:04:28Z
"
                    https://thanhthaimotor.com/video/dong-co-giam-toc/video-review-motor-giam-toc-2-cap-udl-1-5kw-wpds-80                ",PASS,Đã được gửi và lập chỉ mục,2026-06-01T07:50:41Z
https://thanhthaimotor.com/en/gear-motors/wpds-40-gear-motor-0-18kw-0-25hp,PASS,Đã được gửi và lập chỉ mục,2026-05-29T01:43:48Z
https://thanhthaimotor.com/dong-co-giam-toc/motor-giam-toc-wpdo-100-1-1kw-1-5hp,PASS,Đã được gửi và lập chỉ mục,2026-06-01T18:05:55Z
https://thanhthaimotor.com/dong-co-giam-toc/motor-giam-toc-2-cap-udl-0-8kw-wpda-70,ERROR,[Errno 54] Connection reset by peer,N/A
https://thanhthaimotor.com/en/gear-motors/wpx-120-gear-motor-2-2kw-3hp,PASS,Đã được gửi và lập chỉ mục,2026-06-08T06:13:51Z
https://thanhthaimotor.com/kien-thuc-dien-co/tu-van-hop-giam-toc/khi-nao-nen-chon-nmrv-1-cap-khi-nao-can-hop-giam-toc-2-cap,PASS,Đã được gửi và lập chỉ mục,2026-05-31T15:07:20Z
https://thanhthaimotor.com/dong-co-giam-toc/motor-giam-toc-mini-25w-30w,PASS,Đã được gửi và lập chỉ mục,2026-06-04T04:17:29Z
https://thanhthaimotor.com/en/gearboxes/nmrv-30-gearbox,PASS,Đã được gửi và lập chỉ mục,2026-06-04T13:05:55Z
https://thanhthaimotor.com/en/gear-motors/wpdo-60-gear-motor-0-25kw-0-34hp,NEUTRAL,Đã thu thập dữ liệu – hiện chưa được lập chỉ mục,2026-04-19T02:11:52Z
"
                    https://thanhthaimotor.com/video/dong-co-giam-toc/video-review-motor-giam-toc-wpx-120-2-2kw-3hp                ",PASS,Đã được gửi và lập chỉ mục,2026-05-03T18:31:48Z
https://thanhthaimotor.com/kien-thuc-dien-co/tu-van-hop-giam-toc/quy-trinh-thay-the-phot-hop-giam-toc-nmrv-chuan-giup-ngan-ro-dau,PASS,Đã được gửi và lập chỉ mục,2026-06-08T06:04:25Z
https://thanhthaimotor.com/en/gear-motors/wpo-155-gear-motor-5-5kw-7-5hp,PASS,Đã được gửi và lập chỉ mục,2026-05-29T13:58:37Z
https://thanhthaimotor.com/motor-rung,PASS,Đã được gửi và lập chỉ mục,2026-06-05T06:05:48Z
https://thanhthaimotor.com/kien-thuc-dien-co/tu-van-dong-co-dien/cach-khac-phuc-motor-quay-luc-duoc-luc-khong,PASS,Đã được gửi và lập chỉ mục,2026-05-15T08:49:33Z
"
                    https://thanhthaimotor.com/video/dong-co-giam-toc/video-review-motor-giam-toc-wpds-100-1-1kw-1-5hp                ",NEUTRAL,Đã phát hiện thấy – hiện chưa được lập chỉ mục,N/A
"
                    https://thanhthaimotor.com/video/dong-co-giam-toc/video-review-motor-giam-toc-wpdx-50-0-18kw-0-25hp                ",PASS,Đã được gửi và lập chỉ mục,2026-06-08T02:48:04Z
https://thanhthaimotor.com/en/gearboxes/nmrv-110-gearbox,PASS,Đã được gửi và lập chỉ mục,2026-06-10T05:54:02Z
https://thanhthaimotor.com/kien-thuc-dien-co/tu-van-dong-co-dien/2-container-lien-tiep-ve-dong-co-dien-motor-giam-toc-san-giao-ngay,NEUTRAL,Đã thu thập dữ liệu – hiện chưa được lập chỉ mục,2026-03-12T22:21:41Z
https://thanhthaimotor.com/kien-thuc-dien-co/tu-van-may-bom-nuoc/7-dong-may-bom-nuoc-day-cao-40m-manh-me-dang-mua-nhat,PASS,Đã được gửi và lập chỉ mục,2026-06-07T09:58:29Z
https://thanhthaimotor.com/kien-thuc-dien-co/tu-van-may-bom-nuoc/may-bom-chim-hon-non-bo-bi-quyet-cho-ve-dep-song-dong-va-ben-vung,PASS,Đã được gửi và lập chỉ mục,2026-06-08T09:05:57Z
https://thanhthaimotor.com/dong-co-giam-toc-1-pha-tren-3-7kw,NEUTRAL,Đã thu thập dữ liệu – hiện chưa được lập chỉ mục,2026-04-15T06:29:18Z
https://thanhthaimotor.com/en/electric-motors/hydraulic-pump-1-5kw-2hp,NEUTRAL,Đã thu thập dữ liệu – hiện chưa được lập chỉ mục,2026-04-02T15:34:37Z
https://thanhthaimotor.com/kien-thuc-dien-co/tu-van-hop-giam-toc/bang-gia-hop-giam-toc-tai-nang-truc-vuong-goc-k-2-cap-moi-nhat,PASS,Đã được gửi và lập chỉ mục,2026-05-10T23:14:12Z
https://thanhthaimotor.com/kien-thuc-dien-co/tu-van-may-bom-nuoc/huong-dan-cach-thao-may-bom-chim-an-toan-va-nhanh-chong,PASS,Đã được gửi và lập chỉ mục,2026-05-26T15:17:40Z
https://thanhthaimotor.com/kien-thuc-dien-co/tu-van-dong-co-giam-toc/cach-dau-day-cho-motor-giam-toc-mini,PASS,Đã được gửi và lập chỉ mục,2026-05-29T01:44:33Z
https://thanhthaimotor.com/bien-tan/bien-tan-mitsubishi-0-75kw,PASS,Đã được gửi và lập chỉ mục,2026-06-09T16:49:00Z
"
                    https://thanhthaimotor.com/video/dong-co-giam-toc/video-review-motor-giam-toc-3-cap-2-udl-0-8kw-va-1-wpds-70                ",PASS,Đã được gửi và lập chỉ mục,2026-06-02T15:42:41Z
https://thanhthaimotor.com/dong-co-giam-toc/motor-giam-toc-3-cap-2-udl-0-37kw-va-1-cycloid-x0,PASS,Đã được gửi và lập chỉ mục,2026-06-07T16:25:41Z
https://thanhthaimotor.com/en/water-pumps/teco-water-pump-1-5kw-2hp,PASS,Đã được gửi và lập chỉ mục,2026-05-29T15:18:24Z
https://thanhthaimotor.com/kien-thuc-dien-co/tu-van-dong-co-giam-toc/huong-dan-dau-day-cho-motor-giam-toc-1-pha,PASS,Đã được gửi và lập chỉ mục,2026-06-09T01:36:26Z
https://thanhthaimotor.com/kien-thuc-dien-co/tu-van-may-bom-nuoc/huong-dan-chi-tiet-cach-lap-ro-le-tu-ngat-may-bom-nuoc,PASS,Đã được gửi và lập chỉ mục,2026-06-08T04:34:24Z
https://thanhthaimotor.com/dong-co-giam-toc/motor-giam-toc-nmrv-110-2-2kw-3hp,PASS,Đã được gửi và lập chỉ mục,2026-05-31T16:51:03Z
https://thanhthaimotor.com/kien-thuc-dien-co/tu-van-may-bom-nuoc/top-5-may-bom-nuoc-6m3-h-gia-tot-tai-thanh-thai-motor,NEUTRAL,Google không xác định được URL,N/A
https://thanhthaimotor.com/may-bom-nuoc/may-bom-nuoc-day-cao-gieng-nhat-jlm90-1100-1100w,PASS,Đã được gửi và lập chỉ mục,2026-06-10T19:31:47Z
https://thanhthaimotor.com/kien-thuc-dien-co/tu-van-dong-co-dien/5-tieu-chi-so-sanh-motor-dien-viet-nam-va-motor-nhap-khau,PASS,Đã được gửi và lập chỉ mục,2026-05-31T12:54:07Z
"
                    https://thanhthaimotor.com/video/dong-co-giam-toc/video-review-motor-giam-toc-2-cap-nmrv-50-63                ",PASS,Đã được gửi và lập chỉ mục,2026-06-08T02:16:35Z
https://thanhthaimotor.com/kien-thuc-dien-co/tu-van-may-bom-nuoc/mo-to-bom-nuoc-1-ngua-gia-bao-nhieu-so-sanh-va-tu-van-chon,NEUTRAL,Đã thu thập dữ liệu – hiện chưa được lập chỉ mục,2026-05-05T12:28:21Z
https://thanhthaimotor.com/kien-thuc-dien-co/tu-van-dong-co-dien/cau-tao-dong-co-diesel,PASS,Đã được gửi và lập chỉ mục,2026-06-08T01:20:17Z
https://thanhthaimotor.com/en/water-pumps/1-phase-water-pump-0-75kw-1hp,ERROR,[Errno 54] Connection reset by peer,N/A
https://thanhthaimotor.com/motor-rung/dong-co-rung-dam-rung-1-1kw-1-5hp,PASS,Đã được gửi và lập chỉ mục,2026-06-09T01:37:04Z
"
                    https://thanhthaimotor.com/video/hop-giam-toc/video-review-hop-giam-toc-tai-nang-truc-thang-r-15kw-20hp                ",NEUTRAL,Đã phát hiện thấy – hiện chưa được lập chỉ mục,N/A
"
                    https://thanhthaimotor.com/video/dong-co-giam-toc/video-review-motor-giam-toc-wpda-100-1-5kw-2hp                ",NEUTRAL,Đã phát hiện thấy – hiện chưa được lập chỉ mục,N/A
https://thanhthaimotor.com/bien-tan,PASS,Đã được gửi và lập chỉ mục,2026-06-09T05:03:23Z
https://thanhthaimotor.com/en/gear-motors/2-stage-udl-0-8kw-gear-motor-wpdx-70,PASS,Đã được gửi và lập chỉ mục,2026-06-08T10:08:54Z
https://thanhthaimotor.com/en/gear-motors/wpx-120-gear-motor-3kw-4hp,NEUTRAL,Đã thu thập dữ liệu – hiện chưa được lập chỉ mục,2026-04-13T17:09:39Z
https://thanhthaimotor.com/kien-thuc-dien-co/tu-van-bien-tan,PASS,Đã được gửi và lập chỉ mục,2026-06-01T16:08:51Z
https://thanhthaimotor.com/dong-co-giam-toc/motor-giam-toc-tai-nang-cycloid-22kw-30hp,PASS,Đã được gửi và lập chỉ mục,2026-06-01T11:08:13Z
https://thanhthaimotor.com/dong-co-giam-toc/motor-giam-toc-nmrv-90-3kw-4hp,PASS,Đã được gửi và lập chỉ mục,2026-06-10T08:32:54Z
https://thanhthaimotor.com/kien-thuc-dien-co/tu-van-may-bom-nuoc/may-bom-nuoc-bom-trong-bao-lau,PASS,Đã được gửi và lập chỉ mục,2026-06-08T01:35:35Z
https://thanhthaimotor.com/dong-co-giam-toc/motor-giam-toc-wpx-100-1-5kw-2hp,PASS,Đã được gửi và lập chỉ mục,2026-05-28T12:25:23Z
https://thanhthaimotor.com/dong-co-dien/dong-co-dien-3-pha-55kw-75hp,PASS,Đã được gửi và lập chỉ mục,2026-05-31T10:42:17Z
https://thanhthaimotor.com/en/vibratory-equipment/vibratory-equipment-0-18kw,PASS,Đã được gửi và lập chỉ mục,2026-06-08T06:43:47Z
https://thanhthaimotor.com/hop-giam-toc/hop-giam-toc-truc-vit-wpdks-120,PASS,Đã được gửi và lập chỉ mục,2026-06-10T07:28:29Z
https://thanhthaimotor.com/en/gearboxes/2-stage-udl-gearbox-2-2kw-nmrv-75,PASS,Đã được gửi và lập chỉ mục,2026-06-01T16:27:51Z
"
                    https://thanhthaimotor.com/video/motor-rung-dam-rung/video-review-dong-co-rung-dam-rung-0-75kw-1hp                ",PASS,Đã được gửi và lập chỉ mục,2026-06-08T02:38:49Z
https://thanhthaimotor.com/en/gearboxes/wpa-80-worm-gearbox,PASS,Đã được gửi và lập chỉ mục,2026-06-07T15:20:55Z
https://thanhthaimotor.com/hop-giam-toc/hop-so-giam-toc-zq-200,PASS,Đã được gửi và lập chỉ mục,2026-06-05T02:59:54Z
https://thanhthaimotor.com/hop-giam-toc/hop-giam-toc-2-cap-nmrv-63-90,PASS,Đã được gửi và lập chỉ mục,2026-06-10T16:14:25Z
https://thanhthaimotor.com/en/gearboxes/nmrv-150-gearbox,PASS,Đã được gửi và lập chỉ mục,2026-06-08T08:15:56Z
"
                    https://thanhthaimotor.com/video/dong-co-dien/video-huong-dan-cach-dau-day-cho-motor-dien-3-pha-co-thang                ",PASS,Đã được gửi và lập chỉ mục,2026-06-08T02:25:59Z
https://thanhthaimotor.com/thang-tu/thang-tu-5-5kw-7-5hp,PASS,Đã được gửi và lập chỉ mục,2026-06-09T10:24:39Z
https://thanhthaimotor.com/en/electric-motors/3-phase-inverter-duty-motor-7-5kw-10hp,PASS,Đã được gửi và lập chỉ mục,2026-06-01T19:28:57Z
https://thanhthaimotor.com/dong-co-buoc/dong-co-buoc-1-8nm,NEUTRAL,Đã thu thập dữ liệu – hiện chưa được lập chỉ mục,2026-05-03T08:42:58Z
https://thanhthaimotor.com/en/variable-frequency-drives/abb-variable-frequency-drive-45kw,NEUTRAL,Đã thu thập dữ liệu – hiện chưa được lập chỉ mục,2026-05-03T10:06:30Z
https://thanhthaimotor.com/en/gearboxes/s-series-helical-worm-gearbox-30kw-40hp,PASS,Đã được gửi và lập chỉ mục,2026-06-09T09:53:51Z
https://thanhthaimotor.com/hop-giam-toc/hop-giam-toc-2-cap-udl-1-5kw-wpdo-100,PASS,Đã được gửi và lập chỉ mục,2026-06-10T02:10:05Z
https://thanhthaimotor.com/kien-thuc-dien-co/tu-van-dong-co-dien/5-bo-phan-ben-trong-hop-cuc-dong-co-3-pha-cau-tao-chi-tiet,PASS,Đã được gửi và lập chỉ mục,2026-05-05T10:05:45Z
"
                    https://thanhthaimotor.com/video/hop-giam-toc/video-review-hop-giam-toc-tai-nang-truc-thang-r-18-5kw-25hp                ",NEUTRAL,Google không xác định được URL,N/A
https://thanhthaimotor.com/kien-thuc-dien-co/tu-van-may-bom-nuoc/giai-phap-hieu-qua-bom-tang-ap-bien-tan-nang-tam-trai-nghiem-nuoc-sinh-hoat,PASS,Đã được gửi và lập chỉ mục,2026-05-29T02:14:05Z
https://thanhthaimotor.com/kien-thuc-dien-co/tu-van-may-bom-nuoc/top-3-may-bom-nuoc-3m3-h-cuc-em-cho-chung-cu-nha-pho,NEUTRAL,Đã thu thập dữ liệu – hiện chưa được lập chỉ mục,2026-06-08T00:37:54Z
https://thanhthaimotor.com/kien-thuc-dien-co/tu-van-may-bom-nuoc/may-bom-nuoc-tuoi-vuon,PASS,Đã được gửi và lập chỉ mục,2026-06-01T14:49:16Z
https://thanhthaimotor.com/en/1-phase-borehole-pumps,PASS,Đã được gửi và lập chỉ mục,2026-06-09T05:55:21Z
https://thanhthaimotor.com/en/gearboxes/3-stage-gearbox-2-udl-0-37kw-and-1-wpdx-60,PASS,Đã được gửi và lập chỉ mục,2026-06-11T12:21:15Z
https://thanhthaimotor.com/en/gear-motors/nmrv-90-gear-motor-2-2kw-3hp,PASS,Đã được gửi và lập chỉ mục,2026-06-04T07:37:39Z
"
                    https://thanhthaimotor.com/video/khop-noi/video-review-khop-noi-truc-28mm                ",PASS,Đã được gửi và lập chỉ mục,2026-05-08T13:39:11Z
https://thanhthaimotor.com/dong-co-giam-toc-1-pha-tu-1-1kw-den-3-7kw,PASS,Đã được gửi và lập chỉ mục,2026-06-08T08:00:34Z
https://thanhthaimotor.com/en/gearboxes/wpa-155-worm-gearbox,PASS,Đã được gửi và lập chỉ mục,2026-05-28T16:23:18Z
https://thanhthaimotor.com/may-bom-nuoc/may-bom-nuoc-teco-7-5kw-10hp,PASS,Đã được gửi và lập chỉ mục,2026-06-07T06:37:46Z
"
                    https://thanhthaimotor.com/video/hop-giam-toc/video-review-hop-giam-toc-2-cap-udl-0-37kw-wpds-60                ",PASS,Đã được gửi và lập chỉ mục,2026-06-11T09:04:21Z
https://thanhthaimotor.com/kien-thuc-dien-co/tu-van-may-bom-nuoc/bang-gia-may-bom-nuoc-tren-3-7kw-tren-50m3-h-moi-nhat,PASS,Đã được gửi và lập chỉ mục,2026-06-08T02:53:21Z
"
                    https://thanhthaimotor.com/video/dong-co-giam-toc/video-review-motor-giam-toc-wpds-100-1-5kw-2hp                ",PASS,Đã được gửi và lập chỉ mục,2026-05-29T08:46:43Z
https://thanhthaimotor.com/kien-thuc-dien-co/tu-van-hop-giam-toc/cach-chon-hop-giam-toc-phu-hop-voi-cong-suat-motor-dien-chuan,NEUTRAL,Đã phát hiện thấy – hiện chưa được lập chỉ mục,N/A
https://thanhthaimotor.com/dong-co-dien/dong-co-dien-3-pha-30kw-40hp,PASS,Đã được gửi và lập chỉ mục,2026-06-08T08:03:48Z
https://thanhthaimotor.com/kien-thuc-dien-co/tu-van-hop-giam-toc/bang-gia-hop-giam-toc-tai-nang-truc-vuong-goc-s-2-cap-moi-nhat,PASS,Đã được gửi và lập chỉ mục,2026-06-11T02:47:11Z
https://thanhthaimotor.com/en/gear-motors/wpa-70-gear-motor-0-55kw-0-75hp,PASS,Đã được gửi và lập chỉ mục,2026-06-05T03:43:58Z
https://thanhthaimotor.com/kien-thuc-dien-co/tu-van-dong-co-dien/cach-chon-aptomat-cho-motor-lon-chuan-ky-thuat-an-toan-nhat,PASS,Đã được gửi và lập chỉ mục,2026-06-10T09:06:27Z
https://thanhthaimotor.com/en/gear-motors/mini-gear-motor-750w,PASS,Đã được gửi và lập chỉ mục,2026-06-08T08:04:19Z
https://thanhthaimotor.com/en/gear-motors/nmrv-50-gear-motor-0-37kw-0-5hp,PASS,Đã được gửi và lập chỉ mục,2026-06-08T18:22:52Z
https://thanhthaimotor.com/kien-thuc-dien-co/tu-van-hop-giam-toc/ket-hop-zq-va-bien-tan-trong-cong-nghiep,PASS,Đã được gửi và lập chỉ mục,2026-05-08T10:21:12Z
"
                    https://thanhthaimotor.com/video/hop-giam-toc/video-review-hop-giam-toc-3-cap-2-udl-0-37kw-va-1-cycloid-x0                ",NEUTRAL,Đã phát hiện thấy – hiện chưa được lập chỉ mục,N/A
https://thanhthaimotor.com/khop-noi/khop-noi-truc-48mm,PASS,Đã được gửi và lập chỉ mục,2026-06-09T11:14:56Z
https://thanhthaimotor.com/kien-thuc-dien-co/tu-van-may-bom-nuoc/top-10-may-bom-nuoc-gia-dinh-gia-re-chay-em-ben-nhat,PASS,Đã được gửi và lập chỉ mục,2026-06-08T16:15:03Z
https://thanhthaimotor.com/dong-co-giam-toc/motor-giam-toc-wpdo-175-7-5kw-10hp,PASS,Đã được gửi và lập chỉ mục,2026-05-31T14:19:04Z
https://thanhthaimotor.com/hop-giam-toc-1-cap,PASS,Đã được gửi và lập chỉ mục,2026-06-04T19:31:13Z
https://thanhthaimotor.com/kien-thuc-dien-co/tu-van-dong-co-dien/cach-xu-ly-motor-rung-do-be-may-bi-nut-vo-chuan-ky-thuat,NEUTRAL,Đã phát hiện thấy – hiện chưa được lập chỉ mục,N/A
https://thanhthaimotor.com/dong-co-giam-toc/motor-giam-toc-wpo-135-3kw-4hp,PASS,Đã được gửi và lập chỉ mục,2026-06-04T08:06:10Z
https://thanhthaimotor.com/hop-giam-toc/hop-giam-toc-truc-vit-wpo-50,PASS,Đã được gửi và lập chỉ mục,2026-06-06T15:24:56Z
https://thanhthaimotor.com/en/electric-motors/3-phase-electric-motor-280kw-380hp,PASS,Đã được gửi và lập chỉ mục,2026-06-08T08:16:15Z
https://thanhthaimotor.com/en/gear-motors/heavy-duty-k-series-helical-bevel-gear-motor-7-5kw-10hp,PASS,Đã được gửi và lập chỉ mục,2026-06-08T08:17:11Z
https://thanhthaimotor.com/dong-co-dien/dong-co-dien-co-phanh-5-5kw-7-5hp,PASS,Đã được gửi và lập chỉ mục,2026-06-06T06:11:58Z
https://thanhthaimotor.com/en/gearboxes/r-series-inline-helical-gearbox-2-2kw-3hp,NEUTRAL,Đã thu thập dữ liệu – hiện chưa được lập chỉ mục,2026-04-08T15:25:51Z
https://thanhthaimotor.com/en/variable-frequency-drives/schneider-variable-frequency-drive-0-75kw,PASS,Đã được gửi và lập chỉ mục,2026-05-31T17:22:32Z
"
                    https://thanhthaimotor.com/video/dong-co-dien/video-huong-dan-cach-dao-chieu-cho-motor-dien-1-pha                ",NEUTRAL,Đã phát hiện thấy – hiện chưa được lập chỉ mục,N/A
https://thanhthaimotor.com/dong-co-dien/dong-co-dien-3-pha-11kw-15hp,PASS,Đã được gửi và lập chỉ mục,2026-06-07T05:37:39Z
https://thanhthaimotor.com/dong-co-giam-toc-phanh-tu-thang-tu-tren-3-7kw,PASS,Đã được gửi và lập chỉ mục,2026-05-31T11:05:11Z
https://thanhthaimotor.com/hop-giam-toc/hop-giam-toc-truc-vit-wpa-70,PASS,Đã được gửi và lập chỉ mục,2026-06-07T22:51:14Z
https://thanhthaimotor.com/kien-thuc-dien-co/tu-van-may-bom-nuoc/kham-pha-may-bom-tang-ap-cho-binh-nong-lanh-tot-nhat-hien-nay,PASS,Đã được gửi và lập chỉ mục,2026-06-09T04:38:21Z
"
                    https://thanhthaimotor.com/video/dong-co-giam-toc/video-review-motor-giam-toc-wpdo-70-0-55kw-0-75hp                ",PASS,Đã được gửi và lập chỉ mục,2026-06-08T02:30:41Z
https://thanhthaimotor.com/dong-co-dien/dong-co-dien-3-pha-0-18kw-0-25hp,PASS,Đã được gửi và lập chỉ mục,2026-06-03T23:22:21Z
https://thanhthaimotor.com/hop-giam-toc/giam-toc-f-truc-song-song,PASS,Đã được gửi và lập chỉ mục,2026-06-07T23:55:51Z
https://thanhthaimotor.com/kien-thuc-dien-co/tu-van-dong-co-dien/dong-co-quat-khong-choi-than-toi-uu-hieu-suat-tiet-kiem-nang-luong,PASS,Đã được gửi và lập chỉ mục,2026-05-28T02:26:59Z
https://thanhthaimotor.com/kien-thuc-dien-co/tu-van-hop-giam-toc/nen-dung-dau-hay-mo-cho-hop-giam-toc-huong-dan-chuan-ky-thuat,NEUTRAL,Đã phát hiện thấy – hiện chưa được lập chỉ mục,N/A
"
                    https://thanhthaimotor.com/video/hop-giam-toc/video-review-hop-giam-toc-tai-nang-truc-thang-r-22kw-30hp                ",PASS,Đã được gửi và lập chỉ mục,2026-06-08T01:16:17Z
https://thanhthaimotor.com/en/borehole-pumps-under-3-7kw,PASS,Đã được gửi và lập chỉ mục,2026-06-08T10:04:34Z
https://thanhthaimotor.com/hop-giam-toc/hop-giam-toc-2-cap-nmrv-50-130,PASS,Đã được gửi và lập chỉ mục,2026-06-07T00:26:20Z
https://thanhthaimotor.com/en/gearboxes/3-stage-gearbox-2-udl-0-37kw-and-1-wpdo-60,PASS,Đã được gửi và lập chỉ mục,2026-06-04T19:31:19Z
"
                    https://thanhthaimotor.com/video/dong-co-giam-toc/video-review-motor-giam-toc-wpx-155-7-5kw-10hp                ",PASS,Đã được gửi và lập chỉ mục,2026-06-08T04:16:36Z
https://thanhthaimotor.com/kien-thuc-dien-co/tu-van-may-bom-nuoc/may-bom-nuoc-len-bon-la-gi-phan-loai-va-kinh-nghiem-chon-mua,PASS,Đã được gửi và lập chỉ mục,2026-05-28T16:07:28Z
https://thanhthaimotor.com/dong-co-dien/dong-co-dien-3-pha-15kw-20hp,PASS,Đã được gửi và lập chỉ mục,2026-06-08T02:22:17Z
https://thanhthaimotor.com/dong-co-giam-toc/motor-giam-toc-wpo-100-1-1kw-1-5hp,PASS,Đã được gửi và lập chỉ mục,2026-05-31T06:15:23Z
"
                    https://thanhthaimotor.com/video/dong-co-giam-toc/video-review-motor-giam-toc-nmrv-50-0-55kw-0-75hp                ",PASS,Đã được gửi và lập chỉ mục,2026-06-08T06:05:11Z
https://thanhthaimotor.com/hop-giam-toc/hop-giam-toc-3-cap-2-udl-1-5kw-va-1-r57,PASS,Đã được gửi và lập chỉ mục,2026-06-08T04:48:24Z
https://thanhthaimotor.com/kien-thuc-dien-co/tu-van-bien-tan/huong-dan-cai-dat-bien-tan-delixi-chi-tiet-an-toan-va-hieu-qua,PASS,Đã được gửi và lập chỉ mục,2026-06-08T20:11:53Z
https://thanhthaimotor.com/dong-co-giam-toc-nmrv-tren-3-7kw,PASS,Đã được gửi và lập chỉ mục,2026-06-01T05:36:12Z
"
                    https://thanhthaimotor.com/video/dong-co-giam-toc/tong-hop-video-nhap-lo-motor-giam-toc-moi-nhat-da-cap-kho-san-hang-giao-toan-quoc                ",PASS,Đã được gửi và lập chỉ mục,2026-05-23T09:36:22Z
https://thanhthaimotor.com/may-bom-nuoc-bom-hut-chan-khong-3-pha,PASS,Đã được gửi và lập chỉ mục,2026-06-05T15:18:51Z
https://thanhthaimotor.com/en/blog/vibration-motor-consultations/is-an-external-concrete-vibrator-the-same-as-a-poker-vibrator-distinguishing-the-two,PASS,Đã được gửi và lập chỉ mục,2026-06-11T02:59:05Z
https://thanhthaimotor.com/en/electric-motors/3-phase-inverter-duty-motor-55kw-75hp,PASS,Đã được gửi và lập chỉ mục,2026-06-01T16:26:21Z
"
                    https://thanhthaimotor.com/video/dong-co-giam-toc/video-ky-thuat-cach-xac-dinh-ti-so-truyen-1-30-cua-motor-giam-toc                ",PASS,Đã được gửi và lập chỉ mục,2026-06-08T04:02:37Z
https://thanhthaimotor.com/kien-thuc-dien-co/tu-van-may-bom-nuoc/bom-tang-ap-gia-dinh-voi-giai-phap-tang-ap-nuoc-on-dinh-ben-bi,PASS,Đã được gửi và lập chỉ mục,2026-05-29T06:47:19Z
"
                    https://thanhthaimotor.com/video/dong-co-giam-toc/video-review-motor-giam-toc-wpx-175-7-5kw-10hp                ",PASS,Đã được gửi và lập chỉ mục,2026-06-01T21:55:02Z
https://thanhthaimotor.com/en/gear-motors/nmrv-gear-motor-75-2-2kw-3hp,PASS,Đã được gửi và lập chỉ mục,2026-06-05T09:22:49Z
https://thanhthaimotor.com/kien-thuc-dien-co/tu-van-may-bom-nuoc/bang-gia-may-bom-chim-duoi-3-7kw-moi-nhat,NEUTRAL,Đã thu thập dữ liệu – hiện chưa được lập chỉ mục,2026-05-07T04:19:07Z
https://thanhthaimotor.com/kien-thuc-dien-co/tu-van-may-bom-nuoc/lua-chon-may-bom-nuoc-hut-sau-100m-hieu-qua-cho-moi-cong-trinh,PASS,Đã được gửi và lập chỉ mục,2026-05-26T13:46:22Z
https://thanhthaimotor.com/kien-thuc-dien-co/tu-van-may-bom-nuoc/bang-gia-may-bom-nuoc-1-pha-duoi-3-7kw-moi-nhat,PASS,Đã được gửi và lập chỉ mục,2026-05-08T20:14:21Z
https://thanhthaimotor.com/hop-giam-toc/hop-giam-toc-truc-vit-wpo-135,PASS,Đã được gửi và lập chỉ mục,2026-06-04T00:44:54Z
https://thanhthaimotor.com/may-bom-nuoc/may-bom-hoa-tien-3-7kw-5hp,PASS,Đã được gửi và lập chỉ mục,2026-06-01T09:57:04Z
https://thanhthaimotor.com/kien-thuc-dien-co/tu-van-hop-giam-toc/huong-dan-chon-va-bao-duong-dau-boi-tron-hop-giam-toc-hieu-qua,NEUTRAL,Đã thu thập dữ liệu – hiện chưa được lập chỉ mục,2026-06-07T05:50:59Z
https://thanhthaimotor.com/thang-tu/thang-tu-15kw-20hp,PASS,Đã được gửi và lập chỉ mục,2026-06-08T05:52:58Z
https://thanhthaimotor.com/en/gearboxes/worm-gearbox-wpx-135,PASS,Đã được gửi và lập chỉ mục,2026-06-10T08:10:51Z
https://thanhthaimotor.com/en/gear-motors/wpdx-200-gear-motor-11kw-15hp,PASS,Đã được gửi và lập chỉ mục,2026-06-06T04:23:30Z
https://thanhthaimotor.com/may-bom-nuoc-teco-3-pha,PASS,Đã được gửi và lập chỉ mục,2026-05-31T18:14:22Z
https://thanhthaimotor.com/en/gear-motors/mini-gear-motor-40w,PASS,Đã được gửi và lập chỉ mục,2026-06-07T08:07:44Z
https://thanhthaimotor.com/dong-co-giam-toc/motor-giam-toc-wpda-155-5-5kw-7-5hp,PASS,Đã được gửi và lập chỉ mục,2026-06-04T12:36:07Z
https://thanhthaimotor.com/dong-co-giam-toc-truc-vit-banh-vit-dieu-toc-co,NEUTRAL,Đã thu thập dữ liệu – hiện chưa được lập chỉ mục,2026-04-06T06:21:32Z
https://thanhthaimotor.com/en/water-pumps/crocodile-water-pump-1-5dk-22-0-75kw-1hp,PASS,Đã được gửi và lập chỉ mục,2026-05-31T14:58:45Z
https://thanhthaimotor.com/kien-thuc-dien-co/tu-van-dong-co-dien/meo-khac-phuc-su-co-thuong-gap-voi-dong-co-dien,PASS,Đã được gửi và lập chỉ mục,2026-05-30T15:31:04Z
https://thanhthaimotor.com/kien-thuc-dien-co/tu-van-hop-giam-toc/nhot-xe-may-cham-vao-hop-giam-toc-duoc-khong-phan-tich-ky-thuat,NEUTRAL,Đã phát hiện thấy – hiện chưa được lập chỉ mục,N/A
https://thanhthaimotor.com/kien-thuc-dien-co/tu-van-hop-giam-toc/so-sanh-hop-giam-toc-zq-va-s-co-cac-diem-khac-biet-nao,NEUTRAL,Đã phát hiện thấy – hiện chưa được lập chỉ mục,N/A
"
                    https://thanhthaimotor.com/video/hop-giam-toc/video-review-hop-giam-toc-truc-vit-wpa-40                ",PASS,Đã được gửi và lập chỉ mục,2026-06-08T07:42:18Z
https://thanhthaimotor.com/hop-giam-toc/hop-giam-toc-tai-nang-truc-song-song-f-22kw,PASS,Đã được gửi và lập chỉ mục,2026-06-07T23:12:51Z
https://thanhthaimotor.com/en/variable-frequency-drives/fuji-variable-frequency-drive-22kw,PASS,Đã được gửi và lập chỉ mục,2026-06-05T20:01:51Z
https://thanhthaimotor.com/dong-co-giam-toc/motor-giam-toc-wpds-120-2-2kw-3hp,PASS,Đã được gửi và lập chỉ mục,2026-06-04T12:49:01Z
https://thanhthaimotor.com/en/electric-motors/3-phase-electric-motor-38kw-50hp,PASS,Đã được gửi và lập chỉ mục,2026-06-09T03:50:10Z
https://thanhthaimotor.com/kien-thuc-dien-co/tu-van-may-bom-nuoc/huong-dan-lap-dat-may-bom-nuoc-gia-dinh-chi-tiet,NEUTRAL,Đã thu thập dữ liệu – hiện chưa được lập chỉ mục,2026-06-06T10:38:32Z
https://thanhthaimotor.com/en/gearboxes/wpo-135-worm-gearbox,PASS,Đã được gửi và lập chỉ mục,2026-06-06T03:54:01Z
https://thanhthaimotor.com/en/gear-motors/wps-120-gear-motor-2-2kw-3hp,NEUTRAL,Đã thu thập dữ liệu – hiện chưa được lập chỉ mục,2026-04-14T11:53:43Z
"
                    https://thanhthaimotor.com/video/goi-do-quat-ly-tam/video-review-goi-do-quat-ly-tam-22316                ",PASS,Đã được gửi và lập chỉ mục,2026-06-08T08:35:43Z
https://thanhthaimotor.com/kien-thuc-dien-co/tu-van-bien-tan/bien-tan-ap-cao-la-gi-giai-phap-toi-uu-cho-nha-may-lon,NEUTRAL,Đã thu thập dữ liệu – hiện chưa được lập chỉ mục,2026-05-05T09:48:48Z
https://thanhthaimotor.com/en/gearboxes/r-series-inline-heavy-duty-gearbox-75kw-100hp,PASS,Đã được gửi và lập chỉ mục,2026-05-28T12:17:32Z
https://thanhthaimotor.com/kien-thuc-dien-co/tu-van-dong-co-giam-toc/bang-bao-gia-dong-co-giam-toc-truc-vit-banh-vit-duoi-1-1kw-moi-nhat,NEUTRAL,Đã thu thập dữ liệu – hiện chưa được lập chỉ mục,2026-05-07T04:19:04Z
https://thanhthaimotor.com/en/gearboxes/wps-135-worm-gearbox,PASS,Đã được gửi và lập chỉ mục,2026-06-08T22:52:11Z
https://thanhthaimotor.com/dong-co-giam-toc/motor-giam-toc-3-cap-2-udl-0-37kw-va-1-nmrv-50,PASS,Đã được gửi và lập chỉ mục,2026-06-11T02:58:05Z
https://thanhthaimotor.com/en/gear-motors/wpx-60-gear-motor-0-25kw-0-34hp,PASS,Đã được gửi và lập chỉ mục,2026-06-08T08:11:32Z
https://thanhthaimotor.com/dong-co-giam-toc/motor-giam-toc-mini-nmrv-40-60w,PASS,Đã được gửi và lập chỉ mục,2026-06-07T05:27:02Z
https://thanhthaimotor.com/en/gearboxes/wpdo-175-worm-gearbox,PASS,Đã được gửi và lập chỉ mục,2026-06-08T03:50:41Z
https://thanhthaimotor.com/kien-thuc-dien-co/tu-van-hop-giam-toc/phan-biet-nmrv-chinh-hang-va-hang-kem-chat-luong-huong-dan-chi-tiet,NEUTRAL,Đã phát hiện thấy – hiện chưa được lập chỉ mục,N/A
https://thanhthaimotor.com/kien-thuc-dien-co/tu-van-dong-co-giam-toc/cach-xac-dinh-ti-so-truyen-1-25-cho-motor-giam-toc,PASS,Đã được gửi và lập chỉ mục,2026-05-28T23:16:07Z
"
                    https://thanhthaimotor.com/video/dong-co-dien/video-review-dong-co-phong-no-3-7kw-5hp                ",PASS,Đã được gửi và lập chỉ mục,2026-06-08T08:09:27Z
https://thanhthaimotor.com/bien-tan/bien-tan-schneider-37kw,PASS,Đã được gửi và lập chỉ mục,2026-06-06T00:32:34Z
https://thanhthaimotor.com/en/gearboxes/3-stage-gearbox-2-udl-0-37kw-mechanical-speed-variators-and-1-x0-cycloidal-gearbox,PASS,Đã được gửi và lập chỉ mục,2026-06-08T01:16:40Z
https://thanhthaimotor.com/bien-tan/bien-tan-schneider-5-5kw,PASS,Đã được gửi và lập chỉ mục,2026-06-06T02:22:08Z
https://thanhthaimotor.com/kien-thuc-dien-co/tu-van-bien-tan/huong-dan-cai-dat-bien-tan-fuji-chi-tiet-nhat,PASS,Đã được gửi và lập chỉ mục,2026-06-07T06:38:52Z
https://thanhthaimotor.com/en/1-phase-gear-motors-under-1-1kw,PASS,Đã được gửi và lập chỉ mục,2026-06-05T04:10:39Z
https://thanhthaimotor.com/en/gear-motors/heavy-duty-f-series-parallel-shaft-helical-gear-motor-7-5kw-10hp,PASS,Đã được gửi và lập chỉ mục,2026-06-06T06:18:37Z
"
                    https://thanhthaimotor.com/video/dong-co-giam-toc/video-review-motor-giam-toc-2-cap-udl-1-5kw-wpdo-80                ",PASS,Đã được gửi và lập chỉ mục,2026-05-30T15:29:19Z
https://thanhthaimotor.com/kien-thuc-dien-co/tu-van-bien-tan/tu-bien-tan-la-gi,NEUTRAL,Đã thu thập dữ liệu – hiện chưa được lập chỉ mục,2026-05-05T09:47:43Z
https://thanhthaimotor.com/kien-thuc-dien-co/tu-van-dong-co-dien/can-mua-them-bien-tan-khi-mua-motor-khong-5-luu-y,PASS,Đã được gửi và lập chỉ mục,2026-05-21T08:04:52Z
https://thanhthaimotor.com/en/s-series-1-stage-helical-worm-gearboxes,NEUTRAL,Đã thu thập dữ liệu – hiện chưa được lập chỉ mục,2026-04-30T23:07:56Z
"
                    https://thanhthaimotor.com/video/dong-co-giam-toc/video-review-motor-giam-toc-3-cap-2-udl-0-37kw-va-1-r37                ",NEUTRAL,Đã phát hiện thấy – hiện chưa được lập chỉ mục,N/A
https://thanhthaimotor.com/kien-thuc-dien-co/tu-van-khop-noi/khop-noi-mem,PASS,Đã được gửi và lập chỉ mục,2026-06-01T01:55:27Z
https://thanhthaimotor.com/kien-thuc-dien-co/tu-van-hop-giam-toc/dau-hieu-hop-giam-toc-bi-qua-tai-va-cach-xu-ly-dung-ky-thuat,NEUTRAL,Google không xác định được URL,N/A
https://thanhthaimotor.com/kien-thuc-dien-co/tu-van-quat-thoi-khi/quat-ly-tam-gian-tiep-va-giai-phap-toi-uu-cho-he-thong-thong-gio,PASS,Đã được gửi và lập chỉ mục,2026-05-08T10:21:14Z
https://thanhthaimotor.com/hop-giam-toc/hop-giam-toc-truc-vit-wpo-120,PASS,Đã được gửi và lập chỉ mục,2026-05-26T19:30:46Z
https://thanhthaimotor.com/kien-thuc-dien-co/tu-van-dong-co-dien/cach-tiet-kiem-nang-luong,PASS,Đã được gửi và lập chỉ mục,2026-06-03T19:12:09Z
"
                    https://thanhthaimotor.com/video/hop-giam-toc/video-huong-dan-lap-hop-giam-toc-cycloid-voi-dong-co-dien-1-pha                ",PASS,Đã được gửi và lập chỉ mục,2026-06-08T00:42:57Z
"
                    https://thanhthaimotor.com/video/hop-giam-toc/video-review-hop-giam-toc-truc-vit-wpo-120                ",PASS,Đã được gửi và lập chỉ mục,2026-06-08T08:08:26Z
"
                    https://thanhthaimotor.com/video/dong-co-giam-toc/video-review-motor-giam-toc-tai-nang-cycloid-2-2kw-3hp                ",PASS,Đã được gửi và lập chỉ mục,2026-06-07T17:12:35Z
https://thanhthaimotor.com/kien-thuc-dien-co/tu-van-dong-co-dien/thong-so-ky-thuat-motor-dien-3-pha,PASS,Đã được gửi và lập chỉ mục,2026-06-07T13:51:00Z
https://thanhthaimotor.com/kien-thuc-dien-co/tu-van-dong-co-dien/kw-w-la-gi-1kw-bang-bao-nhieu-w,PASS,Đã được gửi và lập chỉ mục,2026-06-01T01:57:52Z
https://thanhthaimotor.com/kien-thuc-dien-co/tu-van-dong-co-dien/cach-phan-biet-nap-truoc-va-nap-sau-motor-dien-chuan-ky-thuat,PASS,Đã được gửi và lập chỉ mục,2026-05-07T02:21:56Z
"
                    https://thanhthaimotor.com/video/dong-co-giam-toc/video-review-motor-giam-toc-wpds-70-0-55kw-0-75hp                ",PASS,Đã được gửi và lập chỉ mục,2026-05-28T14:11:13Z
https://thanhthaimotor.com/kien-thuc-dien-co/tu-van-may-bom-nuoc/may-bom-nuoc-truc-dung-giai-phap-manh-me-dang-tin-cay-cho-moi-nha,PASS,Đã được gửi và lập chỉ mục,2026-05-28T14:44:45Z
https://thanhthaimotor.com/dong-co-dien-tren-3-7kw,PASS,Đã được gửi và lập chỉ mục,2026-06-05T23:11:28Z
https://thanhthaimotor.com/dong-co-dien/may-bom-dau-thuy-luc-1-1kw-1-5hp,PASS,Đã được gửi và lập chỉ mục,2026-05-28T21:33:55Z
https://thanhthaimotor.com/en/variable-frequency-drives/invt-variable-frequency-drive-5-5kw,PASS,Đã được gửi và lập chỉ mục,2026-06-01T02:30:23Z
https://thanhthaimotor.com/en/1-phase-water-pumps-under-50m3-h,PASS,Đã được gửi và lập chỉ mục,2026-06-08T06:23:11Z
https://thanhthaimotor.com/kien-thuc-dien-co/tu-van-bien-tan/huong-dan-cai-dat-bien-tan-vt-an-toan-chuan-xac-va-de-ap-dung,PASS,Đã được gửi và lập chỉ mục,2026-06-03T17:29:25Z
https://thanhthaimotor.com/kien-thuc-dien-co/tu-van-bien-tan/chon-bien-tan-cho-dong-co-1-pha-10-40-giai-phap-cho-motor-nho,ERROR,[Errno 54] Connection reset by peer,N/A
https://thanhthaimotor.com/en/gear-motors/3-stage-gear-motor-2-udl-2-2kw-and-1-r67,PASS,Đã được gửi và lập chỉ mục,2026-05-30T08:02:58Z
https://thanhthaimotor.com/en/gearboxes/r-series-inline-helical-gearbox-55kw-75hp,PASS,Đã được gửi và lập chỉ mục,2026-05-31T14:54:11Z
https://thanhthaimotor.com/dong-co-dien-1-pha-duoi-3-7kw,PASS,Đã được gửi và lập chỉ mục,2026-06-06T12:13:47Z
https://thanhthaimotor.com/hop-giam-toc/hop-giam-toc-truc-vit-wpx-200,PASS,Đã được gửi và lập chỉ mục,2026-05-28T16:24:08Z
https://thanhthaimotor.com/en/electromagnetic-brakes/electromagnetic-brake-0-37kw-0-5hp,ERROR,[Errno 54] Connection reset by peer,N/A
https://thanhthaimotor.com/may-bom-nuoc-chim-tren-50m3-h,ERROR,[Errno 32] Broken pipe,N/A
https://thanhthaimotor.com/goi-do-quat-ly-tam/goi-do-quat-ly-tam-6310,ERROR,[Errno 54] Connection reset by peer,N/A
https://thanhthaimotor.com/en/gear-motors/wpdx-50-gear-motor-0-18kw-0-25hp,PASS,Đã được gửi và lập chỉ mục,2026-06-07T18:55:48Z
https://thanhthaimotor.com/hop-giam-toc/hop-giam-toc-truc-vit-wpa-175,PASS,Đã được gửi và lập chỉ mục,2026-06-08T04:12:29Z
https://thanhthaimotor.com/dong-co-giam-toc/motor-giam-toc-wpa-155-7-5kw-10hp,PASS,Đã được gửi và lập chỉ mục,2026-06-04T01:44:44Z
"
                    https://thanhthaimotor.com/video/dong-co-dien/video-review-dong-co-dien-1-pha-0-18kw-0-25hp                ",PASS,Đã được gửi và lập chỉ mục,2026-06-08T01:50:09Z
https://thanhthaimotor.com/kien-thuc-dien-co/tu-van-dong-co-buoc/tim-hieu-cach-dieu-khien-dong-co-buoc-bang-s7200-chi-tiet,ERROR,[Errno 54] Connection reset by peer,N/A
"
                    https://thanhthaimotor.com/video/dong-co-giam-toc/video-review-motor-giam-toc-tai-nang-truc-thang-r-2-2kw-3hp                ",ERROR,[Errno 32] Broken pipe,N/A
https://thanhthaimotor.com/hop-giam-toc/hop-giam-toc-truc-vit-wpdo-135,ERROR,[Errno 54] Connection reset by peer,N/A
